ZIP;NAME;TYPE;A0_NAME;A1_NAME;A2_NAME;A3_NAME;A4_NAME;A5_NAME;A6_NAME;A7_NAME;A8_NAME;X_COORDINATE;Y_COORDINATE;SERVICE_HOURS;TEMP_SERVICE_HOURS;TEMP_SERVICE_HOURS_UNTIL;TEMP_SERVICE_HOURS_2;TEMP_SERVICE_HOURS_2_UNTIL;comment_est;comment_eng;comment_rus;comment_lav;comment_lit;MODIFIED
96331;"1. eelistus/Picapac pakiautomaat";0;EE;;"1. eelistus Omnivas";;;"1. eelistus Omnivas";;;;24.793373;59.430318;;;;;;;;;;;2023-09-12T10:18:52.167+03:00
96243;"Abja Coop Konsumi pakiautomaat";0;EE;"Viljandi maakond";"Mulgi vald";"Abja-Paluoja linn";;"Pärnu mnt";;13;;25.355809;58.125803;;;;;;;;;;;2025-01-08T12:04:56.990+02:00
69494;"Abja-Paluoja postipunkt";1;EE;"Viljandi maakond";"Mulgi vald";"Abja-Paluoja linn";;"Pärnu mnt";;21;;25.353927;58.126151;"E,T,K,N,R 09:00-17:00 L,P SULETUD";;;;;;;;;;2025-03-25T08:39:03.727+02:00
96280;"Aegviidu Meie kaupluse pakiautomaat";0;EE;"Harju maakond";"Anija vald";"Aegviidu alev";;"Piibe mnt";;8;;25.606367;59.288383;;;;;;;;;;;2025-01-08T10:51:45.203+02:00
9595;"Aglonas TOP pakomāts";0;LV;"Preiļu novads";"Aglonas pagasts";Aglona;;"Somersētas iela";;33;;27.007230;56.131607;;;;;;;;;"Pa labi no ieejas";;2024-03-26T14:51:43.103+02:00
96389;"Ahtme Estonia pst Grossi pakiautomaat";0;EE;"Ida-Viru maakond";"Kohtla-Järve linn";"Ahtme linnaosa";;"Estonia pst";;30a;;27.426280;59.329987;;;;;;;;;;;2025-01-09T16:23:24.327+02:00
96142;"Ahtme Maleva Grossi pakiautomaat";0;EE;"Ida-Viru maakond";"Kohtla-Järve linn";"Ahtme linnaosa";;"Maleva tn";;23;;27.420557;59.327631;;;;;;;;;;;2025-03-05T08:16:30.967+02:00
96123;"Ahtme Maxima XX pakiautomaat";0;EE;"Ida-Viru maakond";"Kohtla-Järve linn";"Ahtme linnaosa";;"Puru tee";;77;;27.420083;59.337433;;;;;;;;;;;2025-01-17T13:48:47.187+02:00
9950;"Aizkraukles T/C Iga pakomāts";0;LV;"Aizkraukles novads";Aizkraukle;;;"Gaismas iela";;35;;25.259443;56.610272;;;;;;;;;"Pa labi no T/C ieejas";;2024-06-26T14:48:10.873+03:00
9266;"Aizkraukles TOP pakomāts";0;LV;"Aizkraukles novads";Aizkraukle;;;"Lāčplēša iela";;7;;25.256664;56.601647;;;;;;;;;"Pa kreisi no ieejas";;2024-06-25T10:12:04.733+03:00
9980;"Aizputes Zvaigžņu ielas AIBE pakomāts";0;LV;"Dienvidkurzemes novads";Aizpute;;;"Zvaigžņu iela";;2B;;21.606437;56.720308;;;;;;;;;"Pie otrās T/C ieejas";;2025-01-09T09:09:09.053+02:00
55583;"Akmenės NORFA Daukanto paštomatas";0;LT;"Šiaulių apskr.";"Akmenės r. sav.";"Akmenės m.";;"S. Daukanto g.";;7;;22.752311;56.243503;;;;;;;;;;"Paštomatą rasite lauke prie sienos, kairėje įėjimo į parduotuvę pusėje";2023-12-29T09:18:34.160+02:00
9183;"Aknīstes VESKO pakomāts";0;LV;"Jēkabpils novads";Aknīste;;;"Skolas iela";;7;;25.740703;56.161981;;;;;;;;;"Pa labi no ieejas";;2024-06-21T12:37:39.527+03:00
96401;"Ala Coop kaupluse pakiautomaat";0;EE;"Valga maakond";"Tõrva vald";"Ala küla";;;"Ala kauplus";;;25.701641;58.009962;;;;;;;;;;;2025-01-10T13:31:21.567+02:00
96287;"Alatskivi Coop Konsumi pakiautomaat";0;EE;"Tartu maakond";"Peipsiääre vald";"Alatskivi alevik";;"Lossi tn";;1a;;27.132467;58.600633;;;;;;;;;;;2025-01-08T10:54:54.537+02:00
96367;"Alavere pakiautomaat";0;EE;"Harju maakond";"Anija vald";"Alavere küla";;"Oja tn";;1;;25.328394;59.245228;;;;;;;;;;;2025-01-09T16:16:06.767+02:00
9192;"Alojas Mini TOP pakomāts";0;LV;"Limbažu novads";Aloja;;;"Rīgas iela";;1B;;24.883114;57.766089;;;;;;;;;"Pa labi no ieejas";;2023-09-29T11:51:58.577+03:00
99023;"Alytaus CENTRO Naujoji g. paštomatas";0;LT;"Alytaus apskr.";"Alytaus m. sav.";"Alytaus m.";;"Naujoji g.";;2C;;24.035788;54.396415;;;;;;;;;;;2024-07-10T17:10:35.887+03:00
99924;"Alytaus IKI Jaunimo paštomatas";0;LT;"Alytaus apskr.";"Alytaus m. sav.";"Alytaus m.";;"Jaunimo g.";;24;;24.021972;54.391584;;;;;;;;;;;2024-01-02T08:41:10.717+02:00
55507;"Alytaus IKI Juozapavičiaus paštomatas";0;LT;"Alytaus apskr.";"Alytaus m. sav.";"Alytaus m.";;"A. Juozapavičiaus g.";;17;;24.059698;54.403477;;;;;;;;;;"Paštomatą rasite lauke prie šoninės sienos, dešinėje įėjimo į parduotuvę pusėje, už kampo";2025-01-24T08:43:08.290+02:00
99578;"Alytaus LIDL Jazminų paštomatas";0;LT;"Alytaus apskr.";"Alytaus m. sav.";"Alytaus m.";;"Jazminų g.";;32A;;24.022916;54.399581;;;;;;;;;;;2024-11-28T16:25:43.443+02:00
99528;"Alytaus MAXIMA Naujoji g. 17K paštomatas";0;LT;"Alytaus apskr.";"Alytaus m. sav.";"Alytaus m.";;"Naujoji g.";;17K;;24.010892;54.412872;;;;;;;;;;;2024-11-25T13:04:34.703+02:00
99079;"Alytaus MAXIMA Santaikos paštomatas";0;LT;"Alytaus apskr.";"Alytaus m. sav.";"Alytaus m.";;"Santaikos g.";;34G;;24.027405;54.387620;;;;;;;;;;;2024-07-10T17:10:54.323+03:00
99031;"Alytaus NORFA A. Jonyno paštomatas";0;LT;"Alytaus apskr.";"Alytaus m. sav.";"Alytaus m.";;"A. Jonyno g.";;10C;;24.022061;54.413176;;;;;;;;;;;2023-12-08T06:03:20.307+02:00
55599;"Alytaus NORFA Jurgiškių paštomatas";0;LT;"Alytaus apskr.";"Alytaus m. sav.";"Alytaus m.";;"Jurgiškių g.";;2;;24.013238;54.399716;;;;;;;;;;"Paštomatą rasite lauke prie sienos, kairėje įėjimo į parduotuvę pusėje";2023-12-28T09:52:34.067+02:00
88895;"Alytaus NORFA Topolių paštomatas";0;LT;"Alytaus apskr.";"Alytaus m. sav.";"Alytaus m.";;"Topolių g.";;1;;24.028121;54.396665;;;;;;;;;;"Paštomatą rasite lauke prie sienos iš parkavimo aikštelės pusės";2023-12-28T09:41:51.370+02:00
99923;"Alytaus ORLEN paštomatas";0;LT;"Alytaus apskr.";"Alytaus m. sav.";"Alytaus m.";;"Kauno g.";;73;;24.037088;54.403324;;;;;;;;;;;2024-01-02T08:40:49.813+02:00
88854;"Alytaus PC ARENA paštomatas";0;LT;"Alytaus apskr.";"Alytaus m. sav.";"Alytaus m.";;"Ūdrijos g.";;1;;24.016728;54.407767;;;;;;;;;;"Paštomatą rasite lauke prie šoninės sienos, dešinėje pagrindinio įėjimo pusėje, už kampo";2025-03-07T04:00:14.837+02:00
88855;"Alytaus RIMI Pulko paštomatas";0;LT;"Alytaus apskr.";"Alytaus m. sav.";"Alytaus m.";;"Pulko g.";;51A;;24.043778;54.387953;;;;;;;;;;"Paštomatą rasite lauke prie sienos, kairėje įėjimo į parduotuvę pusėje";2023-10-02T06:02:50.867+03:00
9951;"Alūksnes Maxima X pakomāts";0;LV;"Alūksnes novads";Alūksne;;;"Pils iela";;9B;;27.039955;57.429130;;;;;;;;;"Pa labi no T/C ieejas";;2024-06-26T14:49:12.540+03:00
9228;"Alūksnes Pils ielas TOP pakomāts";0;LV;"Alūksnes novads";Alūksne;;;"Pils iela";;38A;;27.041396;57.426047;;;;;;;;;"Pa labi no ieejas";;2024-06-21T14:24:13.537+03:00
96118;"Antsla Coop Konsumi pakiautomaat";0;EE;"Võru maakond";"Antsla vald";"Antsla linn";;"F. R. Kreutzwaldi tn";;4a;;26.529852;57.828349;;;;;;;;;;;2025-01-17T13:47:18.087+02:00
66494;"Antsla postipunkt";1;EE;"Võru maakond";"Antsla vald";"Antsla linn";;"Jaani tn";;4;;26.527581;57.828993;"T,K,N 09:00-15:00 E,R,L,P SULETUD;Ligipääs ratastooliga";;;;;;;;;;2024-12-13T11:07:16.610+02:00
88800;"Anykščių NORFA Vilniaus g. paštomatas";0;LT;"Utenos apskr.";"Anykščių r. sav.";"Anykščių m.";;"Vilniaus g.";;22;;25.098617;55.522851;;;;;;;;;;"Paštomatą rasite lauke prie sienos, dešinėje įėjimo į parduotuvę pusėje";2022-10-05T22:26:28.320+03:00
55570;"Anykščių NORFA Žiburio paštomatas";0;LT;"Utenos apskr.";"Anykščių r. sav.";"Anykščių m.";;"Žiburio g.";;12;;25.118836;55.524932;;;;;;;;;;"Paštomatą rasite lauke prie sienos, dešinėje įėjimo į parduotuvę pusėje";2023-12-29T09:14:29.817+02:00
9515;"Apes TOP pakomāts";0;LV;"Smiltenes novads";Ape;;;"Stacijas iela";;4;;26.694414;57.538809;;;;;;;;;"Pa labi no ieejas";;2024-06-21T13:54:51.027+03:00
96230;"Aravete Meie kaupluse pakiautomaat";0;EE;"Järva maakond";"Järva vald";"Aravete alevik";;"Piibe mnt";;16;;25.751629;59.144507;;;;;;;;;;;2025-01-08T11:58:45.543+02:00
96328;"Are pakiautomaat";0;EE;"Pärnu maakond";"Tori vald";"Are alevik";;"Pärivere tee";;17;;24.564522;58.518677;;;;;;;;;;;2025-01-09T15:21:23.707+02:00
55508;"Ariogalos NORFA paštomatas";0;LT;"Kauno apskr.";"Raseinių r. sav.";"Ariogalos m.";;"Turgaus g.";;6A;;23.477914;55.259083;;;;;;;;;;"Paštomatą rasite lauke prie sienos, kairėje įėjimo į parduotuvę pusėje";2024-11-14T07:41:57.850+02:00
11701;"Arsenali postkontor";1;EE;"Harju maakond";Tallinn;"Põhja-Tallinna linnaosa";;"Erika tn";;14;;24.717816;59.451722;"E,T,K,N,R 10:00-20:00 L 10:00-16:00 P SULETUD;Ligipääs ratastooliga";;;;;;;;;;2025-02-21T08:26:30.843+02:00
96204;"Aruküla Coop Konsumi pakiautomaat";0;EE;"Harju maakond";"Raasiku vald";"Aruküla alevik";;"Tallinna mnt";;8;;25.078314;59.370973;;;;;;;;;;;2025-03-28T15:01:03.870+02:00
96211;"Aseri Grossi pakiautomaat";0;EE;"Lääne-Viru maakond";"Viru-Nigula vald";"Aseri alevik";;"Tehase tn";;23;;26.866788;59.449630;;;;;;;;;;;2025-01-08T11:52:57.910+02:00
43494;"Aseri postipunkt";1;EE;"Lääne-Viru maakond";"Viru-Nigula vald";"Aseri alevik";;Keskpõik;;2;;26.869575;59.452887;"E 13:30-17:30 T,K,N 10:00-14:00 R 12:00-16:00 L,P SULETUD;Ligipääs ratastooliga";;;;;;;;;;2025-03-06T10:02:38.430+02:00
9158;"Auces TOP pakomāts";0;LV;"Dobeles novads";Auce;;;"Baznīcas iela";;1;;22.892118;56.464794;;;;;;;;;"Blakus T/C centrālajai ieejai";;2024-06-21T10:51:22.103+03:00
96238;"Audru osavallakeskuse pakiautomaat";0;EE;"Pärnu maakond";"Pärnu linn";"Audru alevik";;"Pärna allee";;7;;24.356293;58.407850;;;;;;;;;;;2025-01-08T12:03:52.093+02:00
9193;"Augšlīgatnes ELVI pakomāts";0;LV;"Cēsu novads";"Līgatnes pagasts";Augšlīgatne;;"Nītaures iela";;5;;25.035161;57.183270;;;;;;;;;"Pa labi no T/C ieejas";;2024-04-09T16:26:20.170+03:00
99047;"Aukštadvario MAXIMA paštomatas";0;LT;"Vilniaus apskr.";"Trakų r. sav.";"Aukštadvario mstl.";;"Vilniaus g.";;15;;24.526192;54.578857;;;;;;;;;;;2023-12-05T12:40:49.043+02:00
96363;"Avinurme pakiautomaat";0;EE;"Jõgeva maakond";"Mustvee vald";"Avinurme alevik";;"Võidu tn";;2;;26.864595;58.984656;;;;;;;;;;;2025-01-09T15:32:42.903+02:00
9182;"Babītes ELVI pakomāts";0;LV;"Mārupes novads";"Babītes pagasts";Babīte;;"Liepu aleja";;15A;;23.948289;56.956402;;;;;;;;;"Pa kreisi no T/C ieejas";;2023-09-29T14:42:10.067+03:00
55584;"Baisogalos NORFA paštomatas";0;LT;"Šiaulių apskr.";"Radviliškio r. sav.";"Baisogalos mstl.";;"Maironio g.";;11;;23.721187;55.639392;;;;;;;;;;"Paštomatą rasite lauke prie sienos, kairėje įėjimo į parduotuvę pusėje";2024-02-29T06:03:28.267+02:00
9127;"Baldones Mego pakomāts";0;LV;"Ķekavas novads";Baldone;;;"Rīgas iela";;79;;24.397343;56.742677;;;;;;;;;"Pa labi no galvenās ieejas";;2024-06-21T09:57:11.947+03:00
9579;"Baldones TOP pakomāts";0;LV;"Ķekavas novads";Baldone;;;"Pārupes iela";;6;;24.388640;56.738832;;;;;;;;;"Pa kreisi no ieejas";;2023-09-29T15:15:04.760+03:00
9970;"Baložu Mego pakomāts";0;LV;"Ķekavas novads";Baloži;;;"Rīgas iela";;14;;24.118521;56.875234;;;;;;;;;"Pa kreisi no T/C Centrālās ieejas";;2025-01-03T15:29:09.937+02:00
77756;"Baltosios Vokės KOOPS paštomatas";0;LT;"Vilniaus apskr.";"Šalčininkų r. sav.";"Baltosios Vokės m.";;"Vilniaus g.";;14A;;25.125602;54.455460;;;;;;;;;;"Paštomatą rasite lauke prie sienos, kairėje įėjimo į parduotuvę pusėje";2024-03-22T06:03:45.110+02:00
9982;"Balvu TOP pakomāts";0;LV;"Balvu novads";Balvi;;;"Partizānu iela";;8;;27.263968;57.132165;;;;;;;;;"Pa labi no T/C Centrālās ieejas";;2024-06-26T16:15:39.273+03:00
9505;"Balvu Tautas ielas 1 pakomāts";0;LV;"Balvu novads";Balvi;;;"Tautas iela";;1;;27.265564;57.128295;;;;;;;;;"Pa labi no centrālās ieejas
";;2024-06-25T14:42:14.590+03:00
9940;"Bauskas Mini RIMI pakomāts";0;LV;"Bauskas novads";Bauska;;;"Zaļā iela";;3;;24.194196;56.407070;;;;;;;;;"Blakus T/C centrālajai ieejai";;2023-09-29T15:03:08.533+03:00
9201;"Bauskas Pionieru ielas RIMI pakomāts";0;LV;"Bauskas novads";Bauska;;;"Pionieru iela";;2;;24.188877;56.405837;;;;;;;;;"Pa kreisi no ieejas";;2024-06-21T13:30:33.027+03:00
9280;"Bauskas Upmalas ielas TOP pakomāts";0;LV;"Bauskas novads";Bauska;;;"Upmalas iela";;1;;24.199892;56.405392;;;;;;;;;"Pa kreisi no ieejas";;2024-06-25T10:30:39.703+03:00
9232;"Berģu SKY pakomāts";0;LV;"Ropažu novads";"Garkalnes pagasts";Berģi;;;"Rīgas-Siguldas šoseja 8";;;24.289421;57.002990;;;;;;;;;"Aiz stūra pa labi";;2024-06-25T09:06:02.480+03:00
55510;"Birštono IKI Dariaus ir Girėno paštomatas";0;LT;"Kauno apskr.";"Birštono sav.";"Birštono m.";;"S. Dariaus ir S. Girėno g.";;24;;24.028976;54.605420;;;;;;;;;;"Paštomatą rasite lauke prie sienos, dešinėje įėjimo į parduotuvę pusėje";2024-04-03T06:03:23.437+03:00
55571;"Biržų MAXIMA Vabalninko g. paštomatas";0;LT;"Panevėžio apskr.";"Biržų r. sav.";"Biržų m.";;"Vabalninko g.";;8A;;24.737010;56.201059;;;;;;;;;;"Paštomatą rasite lauke prie sienos, kairėje įėjimo į parduotuvę pusėje";2023-12-29T09:14:48.503+02:00
88866;"Biržų NORFA paštomatas";0;LT;"Panevėžio apskr.";"Biržų r. sav.";"Biržų m.";;"Respublikos g.";;2;;24.769034;56.193955;;;;;;;;;;"Paštomatą rasite lauke prie sienos, kairėje parduotuvės įėjimo pusėje";2022-11-22T17:13:47.660+02:00
99512;"Biržų ŠIRVĖNA paštomatas";0;LT;"Panevėžio apskr.";"Biržų r. sav.";"Biržų m.";;"Vytauto g.";;27;;24.757084;56.201136;;;;;;;;;;;2024-11-25T13:12:09.557+02:00
9997;"Brocēnu Citro pakomāts";0;LV;"Saldus novads";Brocēni;;;"Lielcieceres iela";;2A;;22.565424;56.684275;;;;;;;;;"Pa labi no galvenās ieejas";;2024-06-27T09:23:16.887+03:00
9594;"Bēnes TOP pakomāts";0;LV;"Dobeles novads";"Bēnes pagasts";Bēne;;"Stacijas iela";;10;;23.067628;56.482436;;;;;;;;;"Pa labi no ieejas
";;2024-02-09T06:03:31.417+02:00
9988;"Carnikavas Mego pakomāts";0;LV;"Ādažu novads";"Carnikavas pagasts";Carnikava;;"Rīgas iela";;14;;24.276072;57.128330;;;;;;;;;"Stāvlaukumā
";;2024-07-09T10:02:38.853+03:00
9612;"Carnikavas RIMI pakomāts";0;LV;"Ādažu novads";"Carnikavas pagasts";Carnikava;;"Atpūtas iela";;1;;24.277826;57.129253;;;;;;;;;;;2025-02-19T15:38:28.037+02:00
9296;"Cesvaines TOP pakomāts";0;LV;"Madonas novads";Cesvaine;;;"Rīgas iela";;2;;26.306202;56.968729;;;;;;;;;"Pa labi no ieejas
";;2024-06-25T14:34:50.237+03:00
9137;"Cēsu Gaujas ielas Maxima X pakomāts";0;LV;"Cēsu novads";Cēsis;;;"Gaujas iela";;1/3;;25.267205;57.309659;;;;;;;;;"Blakus T/C centrālajai ieejai";;2023-09-29T11:54:17.227+03:00
9259;"Cēsu Gaujas ielas TOP pakomāts";0;LV;"Cēsu novads";Cēsis;;;"Gaujas iela";;29;;25.253170;57.306978;;;;;;;;;"Pa kreisi no centrālās ieejas
";;2024-06-25T10:06:25.537+03:00
9194;"Cēsu T/C Globuss pakomāts";0;LV;"Cēsu novads";Cēsis;;;"Raiņa iela";;26/28;;25.276853;57.309283;;;;;;;;;"Pa labi no T/C Centrālās ieejas";;2024-06-21T12:48:18.973+03:00
9260;"Cēsu T/C SOLO pakomāts";0;LV;"Cēsu novads";Cēsis;;;"Jāņa Poruka iela";;19;;25.292189;57.314803;;;;;;;;;"Pa labi no T/C Centrālās ieejas
";;2024-06-25T10:06:51.477+03:00
9921;"Cēsu Valmieras ielas Maxima XX pakomāts";0;LV;"Cēsu novads";Cēsis;;;"Valmieras iela";;17A;;25.280035;57.317123;;;;;;;;;"Blakus T/C centrālajai ieejai";;2024-06-26T11:44:34.603+03:00
9989;"Dagdas TOP pakomāts";0;LV;"Krāslavas novads";Dagda;;;"Daugavpils iela";;6;;27.539503;56.095767;;;;;;;;;"Pa kreisi no ieejas";;2024-06-26T16:20:30.337+03:00
9272;"Daugavpils 18. novembra ielas Lats pakomāts";0;LV;"Augšdaugavas novads";"Naujenes pagasts";Vecstropi;;"18. novembra iela";;398A;;26.609834;55.897564;;;;;;;;;"Pa labi no ieejas
";;2024-06-25T10:25:19.353+03:00
9578;"Daugavpils 18. novembra ielas RIMI pakomāts";0;LV;Daugavpils;;;;"18. novembra iela";;136;;26.551119;55.876950;;;;;;;;;"Pa kreisi no veikala stāvvietas
";;2025-01-09T09:07:12.203+02:00
9632;"Daugavpils Balvu ielas 1a LIDL pakomāts";0;LV;Daugavpils;;;;"Balvu iela";;1;;26.513067;55.879496;;;;;;;;;"Pa labi no ieejas
";;2024-12-16T13:37:07.400+02:00
9211;"Daugavpils Cialkovska ielas Lats pakomāts";0;LV;Daugavpils;;;;"Cialkovska iela";;10A;;26.566080;55.891190;;;;;;;;;"Pa kreisi no ieejas";;2025-03-24T14:49:58.933+02:00
9273;"Daugavpils Gaismas ielas TOP pakomāts";0;LV;Daugavpils;;;;"Gaismas iela";;12;;26.584495;55.867753;;;;;;;;;"Pa labi no ieejas
";;2024-06-25T10:25:41.737+03:00
9916;"Daugavpils T/C Aveņu centrs pakomāts";0;LV;Daugavpils;;;;"Raipoles iela";;11;;26.526382;55.901089;;;;;;;;;"Aveņu centra centrālās fasādes pusē";;2025-01-09T09:03:26.810+02:00
9918;"Daugavpils T/C Ditton pakomāts";0;LV;Daugavpils;;;;"Cietokšņa iela";;60;;26.516401;55.874596;;;;;;;;;"Krustojumā ar Kandavas ielu";;2025-01-03T15:15:30.953+02:00
9599;"Daugavpils T/C Solo pakomāts";0;LV;Daugavpils;;;;"Rīgas iela";;9;;26.517890;55.871867;;;;;;;;;"Pa labi no Mego ieejas 
";;2024-07-11T11:20:18.067+03:00
9998;"Daugavpils Valkas ielas Mego pakomāts";0;LV;Daugavpils;;;;"Valkas iela";;1;;26.561261;55.879532;;;;;;;;;"Pa labi no ieejas";;2025-01-03T15:15:56.017+02:00
9566;"Daugavpils Viestura ielas Mego pakomāts";0;LV;Daugavpils;;;;"Viestura iela";;60;;26.524394;55.872210;;;;;;;;;"Pa kreisi no ieejas
";;2024-06-25T16:33:42.807+03:00
9246;"Daugmales ELVI pakomāts";0;LV;"Ķekavas novads";"Daugmales pagasts";Daugmale;;;Ceļmalas;;;24.415907;56.821828;;;;;;;;;"Pa kreisi no ieejas
";;2024-06-25T09:33:19.107+03:00
99563;"Daugų GILĖ paštomatas";0;LT;"Alytaus apskr.";"Alytaus r. sav.";"Daugų m.";;"Laisvės g.";;5;;24.344406;54.361532;;;;;;;;;;;2024-10-28T10:54:21.303+02:00
9941;"Dobeles Brīvības ielas RIMI pakomāts";0;LV;"Dobeles novads";Dobele;;;"Brīvības iela";;30;;23.286877;56.626506;;;;;;;;;"Blakus T/C centrālajai ieejai";;2024-06-26T14:07:58.200+03:00
9575;"Dobeles Krasta ielas TOP pakomāts";0;LV;"Dobeles novads";Dobele;;;"Krasta iela";;7;;23.283159;56.616331;;;;;;;;;"Pa labi aiz stūra
";;2024-06-26T09:35:58.523+03:00
9518;"Dobeles Muldavas ielas TOP pakomāts";0;LV;"Dobeles novads";Dobele;;;"Muldavas iela";;3A;;23.279936;56.628371;;;;;;;;;"Pa kreisi no ieejas
";;2024-06-25T15:13:35.690+03:00
9202;"Dobeles Zaļās ielas Maxima X pakomāts";0;LV;"Dobeles novads";Dobele;;;"Zaļā iela";;19;;23.284410;56.619777;;;;;;;;;"Pa labi no ieejas";;2024-02-13T09:44:58.520+02:00
88865;"Druskininkų IKI Čiurlionio paštomatas";0;LT;"Alytaus apskr.";"Druskininkų sav.";"Druskininkų m.";;"M. K. Čiurlionio g.";;107;;23.990209;54.011307;;;;;;;;;;"Paštomatą rasite lauke prie sienos, dešinėje įėjimo į parduotuvę pusėje, už kampo";2024-08-02T07:38:56.723+03:00
99969;"Druskininkų MAXIMA Veisiejų g. paštomatas";0;LT;"Alytaus apskr.";"Druskininkų sav.";"Druskininkų m.";;"Veisiejų g.";;31;;24.001587;54.020948;;;;;;;;;;;2024-01-02T09:09:46.257+02:00
99077;"Druskininkų MAXIMA Čiurlionio g. 99 paštomatas";0;LT;"Alytaus apskr.";"Druskininkų sav.";"Druskininkų m.";;"M. K. Čiurlionio g.";;99;;23.987642;54.012132;;;;;;;;;;;2024-08-02T07:39:54.327+03:00
55517;"Druskininkų NORFA Leipalingio g. paštomatas";0;LT;"Alytaus apskr.";"Druskininkų sav.";"Druskininkų m.";;"Leipalingio g.";;1;;23.987362;54.028801;;;;;;;;;;"Paštomatą rasite lauke prie šoninės sienos, kairėje įėjimo į parduotuvę pusėje, už kampo";2024-08-13T10:31:11.157+03:00
9552;"Druvas ELVI pakomāts";0;LV;"Saldus novads";"Saldus pagasts";Druva;;"Vienības iela";;4;;22.445756;56.694080;;;;;;;;;"Pa labi aiz stūra
";;2024-06-25T16:26:44.800+03:00
9163;"Dundagas Citro pakomāts";0;LV;"Talsu novads";"Dundagas pagasts";Dundaga;;"Talsu iela";;1;;22.351579;57.509807;;;;;;;;;"Blakus T/C centrālajai ieejai";;2024-11-01T13:01:59.340+02:00
55572;"Dusetų SVAITA paštomatas";0;LT;"Utenos apskr.";"Zarasų r. sav.";"Dusetų m.";;"K. Būgos g.";;12;;25.839465;55.746157;;;;;;;;;;"Paštomatą rasite lauke prie šoninės sienos, kairėje įėjimo į parduotuvę pusėje, už kampo";2023-12-29T09:15:04.590+02:00
50600;"Eedeni postkontor";1;EE;"Tartu maakond";"Tartu linn";"Tartu linn";;"Kalda tee";;1c;;26.748826;58.373434;"E,T,K,N,R 10:00-19:00 L 10:00-15:00 P SULETUD;Ligipääs ratastooliga";;;;;;;;;;2025-03-20T08:55:57.190+02:00
88896;"Eišiškių NORFA paštomatas";0;LT;"Vilniaus apskr.";"Šalčininkų r. sav.";"Eišiškių m.";;"Vilniaus g.";;19;;24.997107;54.171449;;;;;;;;;;"Paštomatą rasite lauke prie sienos, kairėje įėjimo į parduotuvę pusėje";2024-02-23T11:46:08.193+02:00
9156;"Elejas Astarte pakomāts";0;LV;"Jelgavas novads";"Elejas pagasts";Eleja;;"Lietuvas iela";;28;;23.682666;56.416530;;;;;;;;;"Blakus T/C centrālajai ieejai";;2023-09-29T15:17:07.030+03:00
99590;"Elektrėnų LIDL paštomatas";0;LT;"Vilniaus apskr.";"Elektrėnų sav.";"Elektrėnų m.";;"Sabališkių g.";;1B;;24.669327;54.789520;;;;;;;;;;;2024-11-28T16:27:16.793+02:00
88853;"Elektrėnų MAXIMA paštomatas";0;LT;"Vilniaus apskr.";"Elektrėnų sav.";"Elektrėnų m.";;"Rungos g.";;4;;24.657607;54.785381;;;;;;;;;;"Paštomatą rasite lauke prie sienos, kairėje įėjimo į parduotuvę pusėje";2023-12-28T09:39:31.277+02:00
55500;"Elektrėnų NORFA paštomatas";0;LT;"Vilniaus apskr.";"Elektrėnų sav.";"Elektrėnų m.";;"Sabališkių g.";;1J;;24.680564;54.788298;;;;;;;;;;"Paštomatą rasite lauke prie šoninės sienos, dešinėje įėjimo į parduotuvę pusėje, už kampo";2024-09-09T13:32:23.663+03:00
96179;"Elva Arbimäe Coop Konsumi pakiautomaat";0;EE;"Tartu maakond";"Elva vald";"Elva linn";;"Kirde tn";;3;;26.414144;58.234123;;;;;;;;;;;2025-01-08T11:37:59.503+02:00
96047;"Elva Turuplatsi Coop Konsumi pakiautomaat";0;EE;"Tartu maakond";"Elva vald";"Elva linn";;"Kesk tn";;1;;26.408822;58.221047;;;;;;;;;;;2025-01-17T11:25:23.480+02:00
61599;"Elva postipunkt";1;EE;"Tartu maakond";"Elva vald";"Elva linn";;"Puiestee tn";;1;;26.406515;58.221024;"E 10:00-17:00 T 10:00-16:00 K 13:00-18:00 N,R,L,P SULETUD";;;;;;;;;;2025-02-13T13:54:43.917+02:00
9204;"Engures Citro pakomāts";0;LV;"Tukuma novads";"Engures pagasts";Engure;;"Jūras iela";;81;;23.228579;57.161028;;;;;;;;;"Pa kreisi no ieejas";;2024-06-21T13:33:50.890+03:00
9564;"Ezeres ELVI pakomāts";0;LV;"Saldus novads";"Ezeres pagasts";Ezere;;"Centra laukums";;2;;22.361677;56.409039;;;;;;;;;"Pa kreisi no ieejas
";;2023-09-29T09:18:11.057+03:00
20399;"Fama postkontor";1;EE;"Ida-Viru maakond";"Narva linn";;;"Fama tn";;10;;28.188354;59.380510;"E,T,K,N,R 10:00-19:00 L 10:00-15:00 P SULETUD;Ligipääs ratastooliga";;;;;;;;;;2025-02-25T15:43:23.447+02:00
99940;"Gargždų AIBĖ Janonio paštomatas";0;LT;"Klaipėdos apskr.";"Klaipėdos r. sav.";"Gargždų m.";;"J. Janonio g.";;20;;21.392601;55.711075;;;;;;;;;;;2022-12-06T15:56:21.327+02:00
99566;"Gargždų AIBĖ Vasario 16-osios paštomatas";0;LT;"Klaipėdos apskr.";"Klaipėdos r. sav.";"Gargždų m.";;"Vasario 16-osios g.";;45;;21.394182;55.717696;;;;;;;;;;;2024-06-12T16:35:07.750+03:00
99019;"Gargždų AUTOAIBĖ Žemaitės paštomatas";0;LT;"Klaipėdos apskr.";"Klaipėdos r. sav.";"Gargždų m.";;"Žemaitės g.";;74;;21.385997;55.716281;;;;;;;;;;;2022-12-06T16:00:22.380+02:00
99597;"Gargždų LIDL paštomatas";0;LT;"Klaipėdos apskr.";"Klaipėdos r. sav.";"Gargždų m.";;"Dariaus ir Girėno g.";;2;;21.383740;55.711704;;;;;;;;;;;2024-11-28T16:28:14.087+02:00
55552;"Gargždų MAXIMA Turgaus paštomatas";0;LT;"Klaipėdos apskr.";"Klaipėdos r. sav.";"Gargždų m.";;"Turgaus g.";;8;;21.396364;55.709546;;;;;;;;;;"Paštomatą rasite lauke prie sienos, dešinėje įėjimo į parduotuvę pusėje";2025-01-22T09:25:26.883+02:00
88801;"Gargždų NORFA paštomatas";0;LT;"Klaipėdos apskr.";"Klaipėdos r. sav.";"Gargždų m.";;"Klaipėdos g.";;41;;21.380646;55.712518;;;;;;;;;;"Paštomatą rasite lauke prie sienos, dešinėje įėjimo į parduotuvę pusėje";2022-12-21T09:55:56.353+02:00
9234;"Garkalnes Lats pakomāts";0;LV;"Ropažu novads";"Garkalnes pagasts";Garkalne;;"Vidzemes šoseja";;13;;24.415268;57.045155;;;;;;;;;"Pa labi no ieejas
";;2024-06-25T09:07:45.957+03:00
99505;"Gelgaudiškio GULBELĖ paštomatas";0;LT;"Marijampolės apskr.";"Šakių r. sav.";"Gelgaudiškio m.";;"Taikos g.";;66;;22.979868;55.074029;;;;;;;;;;;2024-11-25T13:20:37.853+02:00
9126;"Grobiņas TOP pakomāts (ILGĀKA PIEGĀDE)";0;LV;"Dienvidkurzemes novads";Grobiņa;;;"Lielā iela";;74;;21.168191;56.535087;;;;;;;;;"Veikala pagalmā";;2024-09-09T10:04:24.253+03:00
9227;"Gulbenes Dzelzceļa ielas 14 pakomāts";0;LV;"Gulbenes novads";Gulbene;;;"Dzelzceļa iela";;14;;26.758724;57.178916;;;;;;;;;"Pa kreisi no ieejas
";;2024-06-21T14:22:55.947+03:00
9948;"Gulbenes Nākotnes ielas TOP pakomāts";0;LV;"Gulbenes novads";Gulbene;;;"Nākotnes iela";;6;;26.769701;57.166163;;;;;;;;;"Pa kreisi no ieejas";;2024-06-26T14:11:13.683+03:00
96206;"Haabneeme Coop Konsumi pakiautomaat";0;EE;"Harju maakond";"Viimsi vald";"Haabneeme alevik";;"Rohuneeme tee";;32;;24.819772;59.512901;;;;;;;;;;;2025-01-08T11:51:16.233+02:00
96362;"Haanja pakiautomaat";0;EE;"Võru maakond";"Rõuge vald";"Haanja küla";;"Võru tee";;15;;27.051903;57.718815;;;;;;;;;;;2025-01-09T15:32:22.593+02:00
96128;"Haapsalu Kastani pakiautomaat";0;EE;"Lääne maakond";"Haapsalu linn";"Haapsalu linn";;"Kuuse tn";;28;;23.551852;58.936246;;;;;;;;;;;2025-03-19T14:19:15.563+02:00
96033;"Haapsalu Kaubamaja pakiautomaat";0;EE;"Lääne maakond";"Haapsalu linn";"Haapsalu linn";;"Tallinna mnt";;1;;23.541928;58.940735;;;;;;;;;;;2025-01-17T11:20:15.840+02:00
90501;"Haapsalu postkontor";1;EE;"Lääne maakond";"Haapsalu linn";"Haapsalu linn";;"Nurme tn";;2;;23.543124;58.941265;"E,T,K,N,R 10:00-18:00 L,P SULETUD;Ligipääs ratastooliga";;;;;;;;;;2025-02-18T10:48:50.883+02:00
96382;"Haaslava Meie kaupluse pakiautomaat";0;EE;"Tartu maakond";"Kastre vald";"Haaslava küla";;"Jõe tn";;1;;26.801940;58.324244;;;;;;;;;;;2025-01-09T16:21:29.080+02:00
79697;"Hagudi postipunkt";1;EE;"Rapla maakond";"Rapla vald";"Hagudi alevik";;"Kooli tn";;1;;24.808493;59.064609;"E,T,N,R 10:00-18:00 K 15:00-18:00 L,P SULETUD";;;;;;;;;;2025-02-11T16:27:01.477+02:00
96249;"Haiba Bussijaama pakiautomaat";0;EE;"Harju maakond";"Saue vald";"Haiba küla";;"Riisipere tee";;8;;24.469856;59.127655;;;;;;;;;;;2025-01-15T12:35:28.213+02:00
96324;"Haljala Grossi pakiautomaat";0;EE;"Lääne-Viru maakond";"Haljala vald";"Haljala alevik";;"Võsu mnt";;5;;26.266466;59.433851;;;;;;;;;;;2025-02-14T13:14:53.357+02:00
96352;"Halliste Coop Kaupluse pakiautomaat";0;EE;"Viljandi maakond";"Mulgi vald";"Halliste alevik";;"Viljandi mnt";;11;;25.439074;58.164135;;;;;;;;;;;2025-01-09T15:29:11.913+02:00
96294;"Harku Raamatukogu pakiautomaat";0;EE;"Harju maakond";"Harku vald";"Harku alevik";;"Instituudi tee";;5;;24.579619;59.388483;;;;;;;;;;;2025-02-19T09:30:19.727+02:00
96395;"Harkujärve Meie kaupluse pakiautomaat";0;EE;"Harju maakond";"Harku vald";"Harkujärve küla";;"Liiva tee";;2;;24.590318;59.418733;;;;;;;;;;;2025-01-09T16:26:41.640+02:00
96366;"Hummuli Coop kaupluse pakiautomaat";0;EE;"Valga maakond";"Tõrva vald";"Hummuli alevik";;"Tamme tee";;2;;26.054674;57.906247;;;;;;;;;;;2025-01-09T15:40:33.883+02:00
96233;"Häädemeeste Coop Konsumi pakiautomaat";0;EE;"Pärnu maakond";"Häädemeeste vald";"Häädemeeste alevik";;"Pärnu mnt";;40;;24.498441;58.078471;;;;;;;;;;;2025-01-08T12:00:00.223+02:00
9987;"Iecavas Maxima X pakomāts";0;LV;"Bauskas novads";Iecava;;;"Rīgas iela";;27;;24.197015;56.597937;;;;;;;;;"Pa labi no T/C Centrālās ieejas";;2024-06-26T16:18:14.467+03:00
9550;"Iecavas TOP pakomāts";0;LV;"Bauskas novads";Iecava;;;"Edvarta Virzas iela";;2;;24.207159;56.595120;;;;;;;;;"Pa labi no ieejas
";;2023-09-29T15:18:36.233+03:00
88802;"Ignalinos MAXIMA paštomatas";0;LT;"Utenos apskr.";"Ignalinos r. sav.";"Ignalinos m.";;"Taikos g.";;11;;26.170903;55.343355;;;;;;;;;;"Paštomatą rasite lauke prie šoninės sienos, kairėje įėjimo į parduotuvę pusėje, už kampo";2025-02-07T14:04:31.293+02:00
96170;"Ihaste Coop Konsumi pakiautomaat";0;EE;"Tartu maakond";"Luunja vald";"Veibri küla";;"Kasesalu tee";;51;;26.788733;58.350670;;;;;;;;;;;2025-01-30T15:06:26.573+02:00
31001;"Iidla postipunkt";1;EE;"Ida-Viru maakond";"Kohtla-Järve linn";"Ahtme linnaosa";;"Maleva tn";;23;;27.420584;59.327394;"E,T,K,N,R 10:00-18:00 L,P SULETUD;Ligipääs ratastooliga";;;;;;;;;;2025-02-13T13:55:07.930+02:00
96189;"Iisaku Grossi pakiautomaat";0;EE;"Ida-Viru maakond";"Alutaguse vald";"Iisaku alevik";;"Tartu mnt";;55;;27.314466;59.094808;;;;;;;;;;;2025-01-08T11:43:40.300+02:00
41194;"Iisaku postipunkt";1;EE;"Ida-Viru maakond";"Alutaguse vald";"Iisaku alevik";;"Tartu mnt";;46;;27.310516;59.099539;"E,T,N,R,P 10:00-16:00 K,L SULETUD;Ligipääs ratastooliga";;;;;;;;;;2024-12-19T10:20:20.200+02:00
9503;"Ikšķiles ELVI pakomāts";0;LV;"Ogres novads";Ikšķile;;;"Daugavas prospekts";;18A;;24.498832;56.831101;;;;;;;;;"Pa kreisi no ieejas
";;2023-09-29T14:43:40.930+03:00
9125;"Ikšķiles Mini RIMI pakomāts";0;LV;"Ogres novads";Ikšķile;;;"Melioratoru iela";;1A;;24.497576;56.837144;;;;;;;;;"Pa kreisi no ieejas";;2024-06-21T09:55:40.187+03:00
9104;"Ilūkstes Pilskalnes ielas TOP pakomāts";0;LV;"Augšdaugavas novads";Ilūkste;;;"Pilskalnes iela";;2A;;26.295773;55.977279;;;;;;;;;"Blakus ieejai";;2024-06-21T08:53:01.287+03:00
96364;"Imavere pakiautomaat";0;EE;"Järva maakond";"Järva vald";"Imavere küla";;"Viljandi mnt";;11;;25.767748;58.734558;;;;;;;;;;;2025-01-09T15:33:05.783+02:00
9140;"Inčukalna Aibe pakomāts";0;LV;"Siguldas novads";"Inčukalna pagasts";Inčukalns;;"Atmodas iela";;6;;24.686583;57.098331;;;;;;;;;"Pa labi no ieejas";;2024-06-21T10:11:43.493+03:00
9212;"Jaunjelgavas Mini Top pakomāts";0;LV;"Aizkraukles novads";Jaunjelgava;;;"Jelgavas iela";;44;;25.089212;56.617539;;;;;;;;;"Pa kreisi no ieejas";;2024-06-21T13:42:12.957+03:00
9155;"Jaunmārupes Mazcenu alejas pakomāts";0;LV;"Mārupes novads";"Mārupes pagasts";Jaunmārupe;;"Mazcenu aleja";;33/1;;23.941959;56.882096;;;;;;;;;"pa labi no ieejas";;2024-06-21T10:49:10.330+03:00
9106;"Jaunolaines TOP pakomāts";0;LV;"Olaines novads";"Olaines pagasts";Jaunolaine;;"Baznīcas iela";;10A;;23.984805;56.801354;;;;;;;;;"Pa labi no ieejas";;2023-09-29T14:45:11.650+03:00
9581;"Jaunpiebalgas pakomāts";0;LV;"Cēsu novads";"Jaunpiebalgas pagasts";Jaunpiebalga;;"Gaujas iela";;4;;26.054024;57.180706;;;;;;;;;"Pa labi no ieejas
";;2023-09-29T11:56:03.677+03:00
9170;"Jaunpils TOP pakomāts";0;LV;"Tukuma novads";"Jaunpils pagasts";Jaunpils;;;Jāņkrogs;;;23.014118;56.731299;;;;;;;;;"Pa labi no ieejas";;2024-06-21T11:25:37.480+03:00
77760;"Jašiūnų VIADA paštomatas";0;LT;"Vilniaus apskr.";"Šalčininkų r. sav.";"Jašiūnų mstl.";;"Lydos g.";;13;;25.327295;54.439646;;;;;;;;;;"Paštomatą rasite lauke prie sienos, kairėje įėjimo į degalinę pusėje";2024-03-22T06:03:45.683+02:00
9601;"Jelgavas Birzes ielas 21 LATS pakomāts";0;LV;Jelgava;;;;"Birzes iela";;21;;23.761996;56.646687;;;;;;;;;"Pa labi no ieejas
";;2024-10-18T10:23:01.767+03:00
9294;"Jelgavas Lielās ielas ELVI pakomāts";0;LV;Jelgava;;;;"Lielā iela";;49;;23.704251;56.650901;;;;;;;;;"Pa labi no ieejas
";;2024-06-25T14:33:25.347+03:00
9563;"Jelgavas Meiju ceļa Aibe pakomāts";0;LV;Jelgava;;;;"Meiju ceļš";;38;;23.705444;56.660523;;;;;;;;;"Pa labi aiz stūra
";;2024-06-25T16:32:52.120+03:00
9631;"Jelgavas Rīgas ielas 50 LIDL pakomāts";0;LV;Jelgava;;;;"Rīgas iela";;50;;23.762787;56.668869;;;;;;;;;"Pa labi no ieejas
";;2024-12-19T09:14:37.477+02:00
9199;"Jelgavas Rūpniecības ielas ELVI pakomāts";0;LV;Jelgava;;;;"Rūpniecības iela";;77A;;23.705346;56.636728;;;;;;;;;"Pa labi no ieejas";;2025-01-03T15:27:19.557+02:00
9981;"Jelgavas Satiksmes ielas RIMI pakomāts";0;LV;Jelgava;;;;"Satiksmes iela";;35;;23.699648;56.656704;;;;;;;;;"Pa kreisi no T/C Centrālās ieejas";;2024-06-26T16:15:04.643+03:00
9198;"Jelgavas T/C Pilsētas Pasāža pakomāts";0;LV;Jelgava;;;;"Driksas iela";;4;;23.724160;56.650893;;;;;;;;;"Pa labi no ieejas";;2025-01-03T15:24:11.140+02:00
9919;"Jelgavas T/C RAF pakomāts";0;LV;Jelgava;;;;"Rīgas iela";;48;;23.760634;56.667986;;;;;;;;;"Blakus T/C centrālajai ieejai";;2025-01-03T15:14:52.390+02:00
9131;"Jelgavas T/C Valdeka pakomāts";0;LV;Jelgava;;;;"Rīgas iela";;11A;;23.746231;56.661889;;;;;;;;;"Pa labi no ieejas";;2025-01-03T15:13:29.810+02:00
9929;"Jelgavas T/C Vivo centrs pakomāts";0;LV;Jelgava;;;;"Katoļu iela";;18;;23.726500;56.647499;;;;;;;;;"Pie ieejas no stāvlaukuma puses";;2025-01-03T15:19:41.617+02:00
9553;"Jelgavas Tērvetes ielas TOP pakomāts";0;LV;Jelgava;;;;"Tērvetes iela";;97;;23.693439;56.628503;;;;;;;;;"Pa labi no ieejas
";;2024-02-13T09:44:58.620+02:00
9257;"Jelgavas Uzvaras ielas Lats pakomāts";0;LV;Jelgava;;;;"Uzvaras iela";;6A;;23.724795;56.653868;;;;;;;;;"Pa kreisi no ieejas aiz ēkas stūra
";;2024-06-25T10:04:37.587+03:00
9600;"Jelgavas Zemgales prospekta 10 pakomāts";0;LV;Jelgava;;;;"Zemgales prospekts";;10;;23.730124;56.644738;;;;;;;;;"Pa labi no ieejas aiz ēkas stūra
";;2024-08-26T13:35:18.567+03:00
55525;"Jonavos IKI Kosmonautų paštomatas";0;LT;"Kauno apskr.";"Jonavos r. sav.";"Jonavos m.";;"Kosmonautų g.";;1;;24.275152;55.078645;;;;;;;;;;"Paštomatą rasite lauke prie sienos, dešinėje įėjimo į parduotuvę pusėje";2023-12-28T10:04:08.760+02:00
99565;"Jonavos LIDL Žemaitės paštomatas";0;LT;"Kauno apskr.";"Jonavos r. sav.";"Jonavos m.";;"Žemaitės g.";;3;;24.270368;55.082359;;;;;;;;;;;2024-11-25T11:18:59.223+02:00
55505;"Jonavos MAXIMA Plento paštomatas";0;LT;"Kauno apskr.";"Jonavos r. sav.";"Jonavos m.";;"Plento g.";;3;;24.283404;55.065456;;;;;;;;;;"Paštomatą rasite lauke, kairėje įėjimo į verslo centrą pusėje, už kampo prie galinės pastato sienos";2025-01-16T12:04:09.643+02:00
55524;"Jonavos NORFA Chemikų paštomatas";0;LT;"Kauno apskr.";"Jonavos r. sav.";"Jonavos m.";;"Chemikų g.";;2;;24.258964;55.072818;;;;;;;;;;"Paštomatą rasite lauke prie sienos, kairėje įėjimo į parduotuvę pusėje";2023-12-29T06:03:18.353+02:00
88897;"Jonavos NORFA Žeimių paštomatas";0;LT;"Kauno apskr.";"Jonavos r. sav.";"Jonavos m.";;"Žeimių g.";;26A;;24.273500;55.084500;;;;;;;;;;"Paštomatą rasite lauke prie sienos, kairėje įėjimo į parduotuvę pusėje";2023-12-28T09:42:37.323+02:00
99567;"Jonavos RIMI paštomatas";0;LT;"Kauno apskr.";"Jonavos r. sav.";"Jonavos m.";;"Vasario 16-osios g.";;4;;24.276370;55.073180;;;;;;;;;;;2024-06-03T10:08:32.127+03:00
99570;"Jonavos Turgaus g. 1 paštomatas";0;LT;"Kauno apskr.";"Jonavos r. sav.";"Jonavos m.";;"Turgaus g.";;1;;24.280328;55.075553;;;;;;;;;;;2024-08-30T07:49:55.073+03:00
99066;"Joniškio MAXIMA Upytės paštomatas";0;LT;"Šiaulių apskr.";"Joniškio r. sav.";"Joniškio m.";;"Upytės g.";;19;;23.619569;56.240048;;;;;;;;;;;2023-06-30T06:03:00.233+03:00
88803;"Joniškio NORFA paštomatas";0;LT;"Šiaulių apskr.";"Joniškio r. sav.";"Joniškio m.";;"Vilniaus g.";;47B;;23.604966;56.228091;;;;;;;;;;"Paštomatą rasite lauke prie šoninės sienos, kairėje įėjimo į parduotuvę pusėje, už kampo";2023-12-28T09:51:17.060+02:00
9570;"Jumpravas Lats pakomāts";0;LV;"Ogres novads";"Jumpravas pagasts";Jumprava;;"Ceriņu iela";;3;;24.973316;56.675434;;;;;;;;;"Pa labi no ieejas
";;2024-06-25T16:35:06.267+03:00
99525;"Juodšilių AIBĖ paštomatas";0;LT;"Vilniaus apskr.";"Vilniaus r. sav.";"Juodšilių k.";;"Pušų g.";;3;;25.264895;54.578836;;;;;;;;;;;2024-11-25T13:05:23.583+02:00
88864;"Jurbarko IKI paštomatas";0;LT;"Tauragės apskr.";"Jurbarko r. sav.";"Jurbarko m.";;"Dariaus ir Girėno g.";;25;;22.764785;55.077590;;;;;;;;;;"Paštomatą rasite lauke prie sienos, dešinėje įėjimo į parduotuvę pusėje";2023-12-07T06:03:20.367+02:00
55526;"Jurbarko MAXIMA Algirdo paštomatas";0;LT;"Tauragės apskr.";"Jurbarko r. sav.";"Jurbarko m.";;"Algirdo g.";;1A;;22.769920;55.085596;;;;;;;;;;"Paštomatą rasite lauke prie sienos, dešinėje įėjimo į parduotuvę pusėje";2023-12-28T10:25:38.903+02:00
96157;"Järva-Jaani Grossi pakiautomaat";0;EE;"Järva maakond";"Järva vald";"Järva-Jaani alev";;"Lai tn";;23;;25.884212;59.038314;;;;;;;;;;;2025-01-08T11:27:36.260+02:00
96224;"Järvakandi Kandi Konsumi pakiautomaat";0;EE;"Rapla maakond";"Kehtna vald";"Järvakandi alev";;"Tallinna mnt";;37;;24.816383;58.773187;;;;;;;;;;;2025-01-08T11:56:43.417+02:00
11801;"Järve keskuse postkontor";1;EE;"Harju maakond";Tallinn;"Nõmme linnaosa";;"Pärnu mnt";;238;;24.719128;59.393147;"E,T,K,N,R 10:00-20:00 L 10:00-16:00 P SULETUD;Ligipääs ratastooliga";;;;;;;;;;2025-02-25T14:48:11.550+02:00
96391;"Järveküla Rimi pakiautomaat";0;EE;"Harju maakond";"Rae vald";"Peetri alevik";;"Vana-Tartu mnt";;71;;24.829423;59.382434;;;;;;;;;;;2025-01-09T16:24:07.203+02:00
96044;"Jõgeva Postkontori pakiautomaat";0;EE;"Jõgeva maakond";"Jõgeva vald";"Jõgeva linn";;"Aia tn";;8;;26.396317;58.747120;;;;;;;;;;;2025-01-17T11:25:16.330+02:00
48301;"Jõgeva postkontor";1;EE;"Jõgeva maakond";"Jõgeva vald";"Jõgeva linn";;"Aia tn";;8;;26.396166;58.747303;"E,T,K,N,R 09:00-18:00 L,P SULETUD;Ligipääs ratastooliga";;;;;;;;;;2025-02-25T15:43:48.270+02:00
96191;"Jõhvi Grossi pakiautomaat";0;EE;"Ida-Viru maakond";"Jõhvi vald";"Jõhvi linn";;"Tartu mnt";;15a;;27.412086;59.353167;;;;;;;;;;;2025-01-08T11:44:37.613+02:00
96030;"Jõhvi Jewe kaubanduskeskuse pakiautomaat";0;EE;"Ida-Viru maakond";"Jõhvi vald";"Jõhvi linn";;"Narva mnt";;8;;27.417864;59.357304;;;;;;;;;;;2025-01-17T11:19:26.663+02:00
96089;"Jõhvi Maxima XX pakiautomaat";0;EE;"Ida-Viru maakond";"Jõhvi vald";"Jõhvi linn";;"Rakvere tn";;29;;27.401077;59.362392;;;;;;;;;;;2025-01-17T11:37:48.800+02:00
96235;"Jõhvi Pargi keskuse pakiautomaat";0;EE;"Ida-Viru maakond";"Jõhvi vald";"Jõhvi linn";;"Puru tee";;1;;27.419731;59.352488;;;;;;;;;;;2025-01-08T12:00:30.410+02:00
41501;"Jõhvi postkontor";1;EE;"Ida-Viru maakond";"Jõhvi vald";"Jõhvi linn";;"Narva mnt";;8;;27.418224;59.357694;"E,T,K,N,R 09:00-18:00 L,P SULETUD;Ligipääs ratastooliga";;;;;;;;;;2025-02-13T13:43:13.710+02:00
96079;"Jüri Coop Konsumi pakiautomaat";0;EE;"Harju maakond";"Rae vald";"Jüri alevik";;"Aruküla tee";;29;;24.912175;59.358314;;;;;;;;;;;2025-01-17T11:16:03.700+02:00
96188;"Jüri Grossi pakiautomaat";0;EE;"Harju maakond";"Rae vald";"Jüri alevik";;"Aruküla tee";;7;;24.893187;59.354066;;;;;;;;;;;2025-01-08T11:43:21.827+02:00
75391;"Jüri postkontor";1;EE;"Harju maakond";"Rae vald";"Jüri alevik";;"Aruküla tee";;29;;24.912100;59.358280;"E,T,K,N,R 10:00-18:00 L,P SULETUD;Ligipääs ratastooliga";;;;;;;;;;2025-03-20T08:53:09.290+02:00
9287;"Jēkabpils Nameja ielas TOP pakomāts";0;LV;"Jēkabpils novads";Jēkabpils;;;"Nameja iela";;12;;25.869688;56.489580;;;;;;;;;"Pa kreisi no ieejas
";;2024-06-25T14:29:47.410+03:00
9969;"Jēkabpils Rīgas ielas Mini RIMI pakomāts";0;LV;"Jēkabpils novads";Jēkabpils;;;"Rīgas iela";;120;;25.877592;56.502072;;;;;;;;;"Pa kreisi no T/C Centrālās ieejas";;2024-06-26T15:04:58.797+03:00
9265;"Jēkabpils T/C Sprīdītis pakomāts";0;LV;"Jēkabpils novads";Jēkabpils;;;"Celtnieku iela";;1;;25.840887;56.500604;;;;;;;;;"Pa kreisi no centrālās ieejas
";;2024-06-25T10:11:27.517+03:00
9213;"Jēkabpils T/C Sēlija pakomāts";0;LV;"Jēkabpils novads";Jēkabpils;;;"Vienības iela";;7;;25.878393;56.495469;;;;;;;;;"Pa kreisi no T/C centrālās ieejas";;2024-06-21T13:42:39.410+03:00
9924;"Jēkabpils Vienības ielas Mego pakomāts";0;LV;"Jēkabpils novads";Jēkabpils;;;"Vienības iela";;1A;;25.874557;56.493451;;;;;;;;;"Blakus ieejai no autoostas puses";;2023-09-29T11:26:56.847+03:00
9218;"Jūrmalas Asaru Senās bodes pakomāts";0;LV;Jūrmala;;;;"Asaru prospekts";;14;;23.689433;56.958929;;;;;;;;;"Pa labi no ieejas
";;2025-03-27T12:19:54.633+02:00
9584;"Jūrmalas Bulduru tirgus pakomāts";0;LV;Jūrmala;;;;"Meža prospekts";;36;;23.856837;56.982924;;;;;;;;;"Ēkas otrā pusē
";;2024-02-12T15:56:17.103+02:00
9107;"Jūrmalas Dubultu TOP pakomāts";0;LV;Jūrmala;;;;"Strēlnieku prospekts";;1;;23.769877;56.967444;;;;;;;;;"Blakus T/C šosejas pusē";;2024-06-21T08:55:32.560+03:00
9580;"Jūrmalas Kauguru Engures ielas Maxima pakomāts";0;LV;Jūrmala;;;;"Engures iela";;3;;23.596780;56.960310;;;;;;;;;"Pa labi no ieejas aiz stūra
";;2024-06-26T09:47:05.367+03:00
9920;"Jūrmalas Kauguru RIMI pakomāts";0;LV;Jūrmala;;;;"Talsu šoseja";;29;;23.615583;56.960899;;;;;;;;;"Blakus T/C centrālajai ieejai";;2024-06-26T11:39:33.613+03:00
9572;"Jūrmalas Kauguru Raiņa ielas Mini RIMI pakomāts";0;LV;Jūrmala;;;;"Raiņa iela";;74;;23.612499;56.953441;;;;;;;;;"Pa labi no ieejas
";;2023-09-29T14:51:51.360+03:00
9943;"Jūrmalas Lielupes RIMI pakomāts";0;LV;Jūrmala;;;;"Viestura iela";;22;;23.859030;56.974873;;;;;;;;;"Blakus T/C šosejas pusē";;2023-09-29T14:53:16.247+03:00
9549;"Jūrmalas Majoru J. Pliekšāna ielas TOP pakomāts";0;LV;Jūrmala;;;;"Jāņa Pliekšāna iela";;86;;23.814697;56.964091;;;;;;;;;"Pa kreisi no ieejas
";;2023-09-29T14:56:04.973+03:00
9230;"Jūrmalas Mellužu Dārzu ielas 55A pakomāts";0;LV;Jūrmala;;;;"Dārzu iela";;55A;;23.724473;56.954717;;;;;;;;;"Pa labi no ieejas
";;2024-06-25T09:03:33.323+03:00
9142;"Jūrmalas Slokas T/C Liedags pakomāts";0;LV;Jūrmala;;;;"Ventspils šoseja";;32;;23.617819;56.946610;;;;;;;;;"Blakus T/C centrālajai ieejai";;2023-09-29T14:57:03.707+03:00
9507;"Jūrmalas Ķemeru TOP pakomāts";0;LV;Jūrmala;;;;"Emīla Dārziņa iela";;16;;23.497565;56.943410;;;;;;;;;"Pa labi no ieejas
";;2025-02-10T11:54:55.540+02:00
96289;"Kaasiku pakiautomaat";0;EE;"Harju maakond";"Saue vald";"Kaasiku küla";;;Kaasiku;;;24.320954;59.196165;;;;;;;;;;;2025-01-15T12:33:44.490+02:00
96355;"Kabala pakiautomaat";0;EE;"Rapla maakond";"Rapla vald";"Kabala küla";;"Koikse tee";;7;;24.650278;58.929997;;;;;;;;;;;2025-01-09T15:30:19.847+02:00
9247;"Kadagas T/C Kadaga pakomāts";0;LV;"Ādažu novads";"Ādažu pagasts";Kadaga;;;"Kadaga 15";;;24.361618;57.092633;;;;;;;;;"Pa kreisi no centrālās ieejas
";;2024-06-25T09:33:46.120+03:00
96117;"Kadrina Coop Konsumi pakiautomaat";0;EE;"Lääne-Viru maakond";"Kadrina vald";"Kadrina alevik";;"Viitna tee";;4;;26.130138;59.343816;;;;;;;;;;;2025-01-17T13:46:59.113+02:00
45295;"Kadrina postipunkt (Talutehnika)";1;EE;"Lääne-Viru maakond";"Kadrina vald";"Kadapiku küla";;;Talutehnika;;;26.124196;59.346522;"E,T,K,N,R 09:00-16:00 L,P SULETUD";;;;;;;;;;2025-02-14T12:08:57.907+02:00
96259;"Kaiu Huvikooli pakiautomaat";0;EE;"Rapla maakond";"Rapla vald";"Kaiu alevik";;"Kasvandu tee";;15;;25.053936;59.014055;;;;;;;;;;;2025-01-08T12:09:10.777+02:00
55527;"Kaišiadorių AIBĖ Vytauto Didžiojo 35 paštomatas";0;LT;"Kauno apskr.";"Kaišiadorių r. sav.";"Kaišiadorių m.";;"Vytauto Didžiojo g.";;35;;24.463350;54.865164;;;;;;;;;;"Paštomatą rasite lauke prie sienos, kairėje įėjimo į parduotuvę pusėje";2023-12-28T10:25:55.780+02:00
99546;"Kaišiadorių LIDL paštomatas";0;LT;"Kauno apskr.";"Kaišiadorių r. sav.";"Kaišiadorių m.";;"Gedimino g.";;135A;;24.440413;54.854486;;;;;;;;;;;2024-11-25T11:59:15.303+02:00
88804;"Kaišiadorių RIMI paštomatas";0;LT;"Kauno apskr.";"Kaišiadorių r. sav.";"Kaišiadorių m.";;"Gedimino g.";;115A;;24.443790;54.856109;;;;;;;;;;"Paštomatą rasite lauke, prie sienos kairėje įėjimo į parduotuvę pusėje";2025-02-06T08:08:47.570+02:00
9284;"Kalnciema Aibe pakomāts";0;LV;"Jelgavas novads";"Kalnciema pagasts";Kalnciems;;"Lielā iela";;11;;23.615844;56.799425;;;;;;;;;"Pa kreisi no centrālās ieejas
";;2024-06-25T14:28:39.293+03:00
9525;"Kalngales ELVI pakomāts";0;LV;"Ādažu novads";"Carnikavas pagasts";Kalngale;;"Ērgļu iela";;1B;;24.158971;57.081262;;;;;;;;;"Pa labi no ieejas
";;2023-09-29T15:29:35.593+03:00
99510;"Kaltinėnų Varnių g. 7 paštomatas";0;LT;"Tauragės apskr.";"Šilalės r. sav.";"Kaltinėnų mstl.";;"Varnių g.";;7;;22.455496;55.564882;;;;;;;;;;;2024-11-25T13:19:24.683+02:00
55528;"Kalvarijos MAXIMA paštomatas";0;LT;"Marijampolės apskr.";"Kalvarijos sav.";"Kalvarijos m.";;"Dariaus ir Girėno g.";;21;;23.225589;54.413867;;;;;;;;;;"Paštomatą rasite lauke prie šoninės sienos, dešinėje įėjimo į parduotuvę pusėje, už kampo";2024-02-19T08:01:35.377+02:00
96242;"Kambja Coop Konsumi pakiautomaat";0;EE;"Tartu maakond";"Kambja vald";"Kambja alevik";;"Kesk tn";;2a;;26.694733;58.235193;;;;;;;;;;;2025-01-08T12:04:44.590+02:00
9979;"Kandavas Citro pakomāts";0;LV;"Tukuma novads";Kandava;;;"Lielā iela";;1;;22.783677;57.033676;;;;;;;;;"Pa kreisi no T/C Centrālās ieejas";;2023-09-29T09:18:30.340+03:00
96254;"Kanepi Vallamaja pakiautomaat";0;EE;"Põlva maakond";"Kanepi vald";"Kanepi alevik";;"Turu põik";;1;;26.758678;57.986935;;;;;;;;;;;2025-01-08T12:07:48.100+02:00
96332;"Kareda teeninduskeskuse pakiautomaat";0;EE;"Järva maakond";"Järva vald";"Peetri alevik";;Kesktee;;11;;25.835624;58.943969;;;;;;;;;;;2025-01-09T15:22:42.433+02:00
69194;"Karksi- Nuia postipunkt";1;EE;"Viljandi maakond";"Mulgi vald";"Karksi-Nuia linn";;"Rahumäe tn";;2a;;25.546922;58.104135;"E,T,K,N,R 09:00-16:00 L 09:00-14:00 P SULETUD";;;;;;;;;;2025-02-19T10:58:44.790+02:00
96110;"Karksi-Nuia Coop Konsumi pakiautomaat";0;EE;"Viljandi maakond";"Mulgi vald";"Karksi-Nuia linn";;"Rahumäe tn";;1;;25.547916;58.104258;;;;;;;;;;;2025-01-17T13:36:29.997+02:00
99610;"Karmėlavos OMNIVA logistikos centro paštomatas";0;LT;"Kauno apskr.";"Kauno r. sav.";"Karmėlavos mstl.";;"Aviacijos g.";;6;;24.059014;54.955387;;;;;;;;;;;2025-02-03T12:05:18.147+02:00
9526;"Katlakalna pakomāts";0;LV;"Ķekavas novads";"Ķekavas pagasts";Katlakalns;;"Pļavniekkalna iela";;41A;;24.179020;56.875370;;;;;;;;;"Pa labi no ieejas
";;2024-06-26T10:12:30.907+03:00
10195;"Kaubamaja postkontor";1;EE;"Harju maakond";Tallinn;"Kesklinna linnaosa";;"Gonsiori tn";;2;;24.756740;59.435041;"E,T,K,N,R 10:00-20:00 L 10:00-16:00 P SULETUD;Ligipääs ratastooliga";;;;;;;;;;2025-03-17T17:44:03.393+02:00
55534;"Kauno Akademijos EXPRESS MARKET paštomatas";0;LT;"Kauno apskr.";"Kauno r. sav.";"Akademijos mstl.";;"Pilėnų g.";;1;;23.823386;54.895925;;;;;;;;;;"Paštomatą rasite lauke prie sienos, kairėje įėjimo į parduotuvę pusėje";2025-02-03T11:59:23.163+02:00
99932;"Kauno Akademijos RIMI paštomatas";0;LT;"Kauno apskr.";"Kauno r. sav.";"Akademijos mstl.";;"Varžupio g.";;1;;23.814062;54.893660;;;;;;;;;;;2025-02-03T12:00:19.347+02:00
55509;"Kauno Babtų ANCĖ paštomatas";0;LT;"Kauno apskr.";"Kauno r. sav.";"Babtų mstl.";;"Nevėžio g.";;5;;23.795923;55.087926;;;;;;;;;;"Paštomatą rasite lauke prie sienos, dešinėje įėjimo į parduotuvę pusėje";2024-04-03T06:03:23.647+03:00
99050;"Kauno Dievogalos PLIUS FOOD MARKET paštomatas";0;LT;"Kauno apskr.";"Kauno r. sav.";"Dievogalos k.";;"Pušyno g.";;1;;23.654840;54.921210;;;;;;;;;;;2024-08-02T07:44:43.500+03:00
99064;"Kauno Domeikavos MAXIMA paštomatas";0;LT;"Kauno apskr.";"Kauno r. sav.";"Domeikavos k.";;"Vandžiogalos pl.";;106A;;23.897947;54.953651;;;;;;;;;;;2025-02-03T10:56:15.820+02:00
99931;"Kauno Domeikavos RIMI paštomatas";0;LT;"Kauno apskr.";"Kauno r. sav.";"Domeikavos k.";;"Vandžiogalos pl.";;112;;23.910992;54.963644;;;;;;;;;;;2025-02-03T10:57:39.400+02:00
99055;"Kauno ERMITAŽAS Pramonės paštomatas";0;LT;"Kauno apskr.";"Kauno m. sav.";"Kauno m.";;"Pramonės pr.";;6B;;23.983642;54.908338;;;;;;;;;;;2025-02-03T11:38:07.157+02:00
55512;"Kauno EXPRESS MARKET Donelaičio paštomatas";0;LT;"Kauno apskr.";"Kauno m. sav.";"Kauno m.";;"K. Donelaičio g.";;44A;;23.919342;54.898899;;;;;;;;;;"Paštomatą rasite lauke prie sienos, dešinėje įėjimo į parduotuvę pusėje";2025-02-03T15:45:32.197+02:00
99014;"Kauno EXPRESS MARKET Kleboniškio paštomatas";0;LT;"Kauno apskr.";"Kauno m. sav.";"Kauno m.";;"Kleboniškio g.";;27;;23.949104;54.955301;;;;;;;;;;;2024-02-27T09:52:46.633+02:00
55544;"Kauno EXPRESS MARKET Panerių paštomatas";0;LT;"Kauno apskr.";"Kauno m. sav.";"Kauno m.";;"Panerių g.";;166;;23.901078;54.922539;;;;;;;;;;"Paštomatą rasite lauke prie sienos, kairėje įėjimo į parduotuvę pusėje";2025-02-03T14:58:11.037+02:00
99934;"Kauno EXPRESS MARKET Smėlio paštomatas";0;LT;"Kauno apskr.";"Kauno m. sav.";"Kauno m.";;"Smėlio g.";;7;;23.963207;54.864048;;;;;;;;;;;2025-02-03T11:03:49.327+02:00
99002;"Kauno EXPRESS MARKET Tilžės paštomatas";0;LT;"Kauno apskr.";"Kauno m. sav.";"Kauno m.";;"Tilžės g.";;8B;;23.881739;54.906916;;;;;;;;;;;2025-02-03T15:44:37.107+02:00
77749;"Kauno EXPRESS MARKET Vytauto paštomatas";0;LT;"Kauno apskr.";"Kauno m. sav.";"Kauno m.";;"Vytauto pr.";;11;;23.928630;54.887966;;;;;;;;;;"Paštomatą rasite lauke prie sienos, dešinėje įėjimo į parduotuvę pusėje";2025-02-03T10:54:36.903+02:00
99936;"Kauno Garliavos IKI Lozoraičio paštomatas";0;LT;"Kauno apskr.";"Kauno r. sav.";"Garliavos m.";;"Stasio Lozoraičio g.";;2;;23.876432;54.832130;;;;;;;;;;;2025-02-03T11:50:50.860+02:00
55520;"Kauno Garliavos IKI Vytauto paštomatas";0;LT;"Kauno apskr.";"Kauno r. sav.";"Garliavos m.";;"Vytauto g.";;67;;23.872581;54.822478;;;;;;;;;;"Paštomatą rasite lauke prie sienos, kairėje įėjimo į parduotuvę pusėje";2025-02-03T11:50:19.927+02:00
88876;"Kauno Garliavos NORFA paštomatas";0;LT;"Kauno apskr.";"Kauno r. sav.";"Garliavos m.";;"Atgimimo g.";;1;;23.873354;54.829127;;;;;;;;;;"Paštomatą rasite lauke prie sienos, dešinėje įėjimo į parduotuvę pusėje";2024-02-27T09:20:39.930+02:00
99078;"Kauno Giraitės MAXIMA paštomatas";0;LT;"Kauno apskr.";"Kauno r. sav.";"Giraitės k.";;"Automagistralės g.";;4;;23.864333;54.959108;;;;;;;;;;;2025-02-03T15:04:46.373+02:00
55521;"Kauno Giraitės VIADA paštomatas";0;LT;"Kauno apskr.";"Kauno r. sav.";"Giraitės k.";;"Automagistralės g.";;4;;23.864333;54.959108;;;;;;;;;;"Paštomatą rasite lauke prie šoninės sienos, kairėje įėjimo į degalinę pusėje, už kampo";2025-02-03T15:01:41.267+02:00
99930;"Kauno Giraitės ŠILAS Šapokos paštomatas";0;LT;"Kauno apskr.";"Kauno m. sav.";"Kauno m.";;"A. Šapokos g.";;38;;23.857206;54.938974;;;;;;;;;;;2025-02-03T15:03:46.397+02:00
55535;"Kauno IKI Ateities paštomatas";0;LT;"Kauno apskr.";"Kauno m. sav.";"Kauno m.";;"Ateities pl.";;4A;;24.012768;54.896213;;;;;;;;;;"Paštomatą rasite lauke prie sienos, kairėje įėjimo į parduotuvę pusėje";2025-02-03T12:13:49.497+02:00
99036;"Kauno IKI Breslaujos paštomatas";0;LT;"Kauno apskr.";"Kauno m. sav.";"Kauno m.";;"Breslaujos g.";;3A;;23.954980;54.894252;;;;;;;;;;;2024-02-27T09:56:35.410+02:00
88875;"Kauno IKI Girstučio paštomatas";0;LT;"Kauno apskr.";"Kauno m. sav.";"Kauno m.";;"Kovo 11-osios g.";;22;;23.974659;54.905754;;;;;;;;;;"Paštomatą rasite lauke prie sienos, dešinėje įėjimo į parduotuvę pusėje";2025-02-03T11:06:50.143+02:00
99500;"Kauno IKI Jonavos paštomatas";0;LT;"Kauno apskr.";"Kauno m. sav.";"Kauno m.";;"Jonavos g.";;3;;23.891813;54.900771;;;;;;;;;;;2024-11-25T13:22:13.023+02:00
55515;"Kauno IKI Krėvės 57 paštomatas";0;LT;"Kauno apskr.";"Kauno m. sav.";"Kauno m.";;"V. Krėvės pr.";;57;;23.972965;54.920684;;;;;;;;;;"Paštomatą rasite lauke prie šoninės sienos, kairėje įėjimo į parduotuvę pusėje, už kampo, šalia taromato";2024-02-27T09:57:39.427+02:00
99533;"Kauno IKI Krėvės pr. 97 paštomatas";0;LT;"Kauno apskr.";"Kauno m. sav.";"Kauno m.";;"V. Krėvės pr.";;97;;23.981888;54.924609;;;;;;;;;;;2025-02-03T12:09:14.823+02:00
55513;"Kauno IKI Partizanų paštomatas";0;LT;"Kauno apskr.";"Kauno m. sav.";"Kauno m.";;"Partizanų g.";;134;;23.986349;54.930346;;;;;;;;;;"Paštomatą rasite lauke prie sienos, dešinėje įėjimo į parduotuvę pusėje";2025-02-03T12:03:11.513+02:00
99611;"Kauno IKI Piliamiesčio paštomatas";0;LT;"Kauno apskr.";"Kauno m. sav.";"Kauno m.";;"Brastos g.";;28;;23.881316;54.902307;;;;;;;;;;;2024-12-19T07:39:17.780+02:00
88829;"Kauno IKI Sukilėlių paštomatas";0;LT;"Kauno apskr.";"Kauno m. sav.";"Kauno m.";;"Sukilėlių pr.";;84;;23.929296;54.925103;;;;;;;;;;"Paštomatą rasite lauke prie sienos, dešinėje įėjimo į prekybos centrą pusėje";2025-02-03T11:05:50.170+02:00
55523;"Kauno IKI Taikos paštomatas";0;LT;"Kauno apskr.";"Kauno m. sav.";"Kauno m.";;"Taikos pr.";;81;;23.970039;54.912341;;;;;;;;;;"Paštomatą rasite lauke prie šoninės sienos, dešinėje įėjimo į parduotuvę pusėje, už kampo";2025-02-03T11:36:15.247+02:00
55550;"Kauno IKI Tvirtovės paštomatas";0;LT;"Kauno apskr.";"Kauno m. sav.";"Kauno m.";;"Tvirtovės al.";;12A;;23.920659;54.914115;;;;;;;;;;"Paštomatą rasite lauke prie sienos, dešinėje įėjimo į parduotuvę pusėje";2025-03-19T08:08:45.140+02:00
88830;"Kauno IKI Veiverių paštomatas";0;LT;"Kauno apskr.";"Kauno m. sav.";"Kauno m.";;"Veiverių g.";;150A;;23.885950;54.862465;;;;;;;;;;"Paštomatą rasite lauke prie sienos, iš Lazdijų gatvės pusės";2025-02-03T11:57:09.603+02:00
99024;"Kauno IKI Žemaičių pl. paštomatas";0;LT;"Kauno apskr.";"Kauno m. sav.";"Kauno m.";;"Žemaičių pl.";;23;;23.887730;54.928252;;;;;;;;;;;2024-02-27T09:12:55.157+02:00
55516;"Kauno KURŠIŲ paštomatas";0;LT;"Kauno apskr.";"Kauno m. sav.";"Kauno m.";;"Kuršių g.";;1;;23.885730;54.936092;;;;;;;;;;"Paštomatą rasite lauke prie sienos iš Kuršių g. pusės";2025-02-03T10:51:27.243+02:00
55529;"Kauno Karmėlavos EXPRESS MARKET paštomatas";0;LT;"Kauno apskr.";"Kauno r. sav.";"Karmėlavos mstl.";;"Vilniaus g.";;54;;24.065069;54.969890;;;;;;;;;;"Paštomatą rasite lauke prie sienos, kairėje įėjimo į parduotuvę pusėje";2025-02-03T12:05:52.027+02:00
99534;"Kauno Karmėlavos ŠILAS paštomatas";0;LT;"Kauno apskr.";"Kauno r. sav.";"Karmėlavos mstl.";;"Vilniaus g.";;6;;24.056656;54.965936;;;;;;;;;;;2025-02-03T12:06:33.137+02:00
99577;"Kauno LIDL Baltų paštomatas";0;LT;"Kauno apskr.";"Kauno m. sav.";"Kauno m.";;"Baltų pr.";;10;;23.887954;54.931747;;;;;;;;;;;2025-02-03T10:55:38.070+02:00
99576;"Kauno LIDL Baršausko paštomatas";0;LT;"Kauno apskr.";"Kauno m. sav.";"Kauno m.";;"K. Baršausko g.";;66C;;23.964080;54.899134;;;;;;;;;;;2025-02-03T11:47:10.790+02:00
99571;"Kauno LIDL Ežero paštomatas";0;LT;"Kauno apskr.";"Kauno m. sav.";"Kauno m.";;"Ežero g.";;3;;23.824439;54.919830;;;;;;;;;;;2025-02-03T15:43:37.017+02:00
99572;"Kauno LIDL Jonavos paštomatas";0;LT;"Kauno apskr.";"Kauno m. sav.";"Kauno m.";;"Jonavos g.";;40;;23.896222;54.902033;;;;;;;;;;;2025-02-03T10:59:25.657+02:00
55542;"Kauno LIDL Juozapavičiaus paštomatas";0;LT;"Kauno apskr.";"Kauno m. sav.";"Kauno m.";;"A. Juozapavičiaus pr.";;127;;23.932402;54.879021;;;;;;;;;;;2025-02-03T10:55:30.403+02:00
99619;"Kauno LIDL Savanorių pr. 219 paštomatas";0;LT;"Kauno apskr.";"Kauno m. sav.";"Kauno m.";;"Savanorių pr.";;219;;23.929357;54.909253;;;;;;;;;;;2025-03-19T07:02:43.157+02:00
99574;"Kauno LIDL Savanorių pr. 315 paštomatas";0;LT;"Kauno apskr.";"Kauno m. sav.";"Kauno m.";;"Savanorių pr.";;315;;23.949508;54.919245;;;;;;;;;;;2025-02-03T14:54:54.740+02:00
99541;"Kauno LIDL T. Masiulio paštomatas";0;LT;"Kauno apskr.";"Kauno m. sav.";"Kauno m.";;"T. Masiulio g.";;16D;;24.005439;54.887216;;;;;;;;;;;2025-02-03T12:12:36.410+02:00
99575;"Kauno LIDL Šiaurės paštomatas";0;LT;"Kauno apskr.";"Kauno m. sav.";"Kauno m.";;"Šiaurės pr.";;1A;;23.969966;54.929001;;;;;;;;;;;2025-02-03T14:53:17.030+02:00
99560;"Kauno MAXIMA Kalniečių g. 253A paštomatas";0;LT;"Kauno apskr.";"Kauno m. sav.";"Kauno m.";;"Kalniečių g.";;253A;;23.935054;54.925528;;;;;;;;;;;2025-02-03T11:06:47.307+02:00
99922;"Kauno MAXIMA Krėvės 108 paštomatas";0;LT;"Kauno apskr.";"Kauno m. sav.";"Kauno m.";;"V. Krėvės pr.";;108;;23.993994;54.924871;;;;;;;;;;;2024-02-27T09:23:32.973+02:00
88883;"Kauno MAXIMA Masiulio paštomatas";0;LT;"Kauno apskr.";"Kauno m. sav.";"Kauno m.";;"T. Masiulio g.";;16E;;24.005181;54.885999;;;;;;;;;;"Paštomatą rasite lauke prie sienos, dešinėje įėjimo į parduotuvę pusėje";2025-02-03T12:13:11.237+02:00
99553;"Kauno MAXIMA Neries Krantinė paštomatas";0;LT;"Kauno apskr.";"Kauno m. sav.";"Kauno m.";;"Plungės g.";;20;;23.909599;54.923247;;;;;;;;;;;2025-02-03T10:54:50.417+02:00
99004;"Kauno MAXIMA Pramonės paštomatas";0;LT;"Kauno apskr.";"Kauno m. sav.";"Kauno m.";;"Pramonės pr.";;29;;23.983048;54.911600;;;;;;;;;;;2025-02-03T11:39:05.003+02:00
55546;"Kauno MAXIMA Raudondvario pl. paštomatas";0;LT;"Kauno apskr.";"Kauno m. sav.";"Kauno m.";;"Raudondvario pl.";;284A;;23.821326;54.921134;;;;;;;;;;"Paštomatą rasite lauke prie sienos, dešinėje įėjimo į parduotuvę pusėje";2025-02-03T15:41:32.187+02:00
99045;"Kauno MAXIMA Savanorių paštomatas";0;LT;"Kauno apskr.";"Kauno m. sav.";"Kauno m.";;"Savanorių pr.";;255;;23.938864;54.913544;;;;;;;;;;;2024-02-27T08:54:38.287+02:00
99003;"Kauno MAXIMA Veiverių paštomatas";0;LT;"Kauno apskr.";"Kauno m. sav.";"Kauno m.";;"Veiverių g.";;150B;;23.886175;54.865411;;;;;;;;;;;2025-02-03T11:56:30.737+02:00
55519;"Kauno MAXIMA Šiaurės paštomatas";0;LT;"Kauno apskr.";"Kauno m. sav.";"Kauno m.";;"Šiaurės pr.";;8D;;23.930825;54.932507;;;;;;;;;;"Paštomatą rasite lauke prie sienos, dešinėje įėjimo į parduotuvę pusėje";2025-02-03T10:59:02.707+02:00
55543;"Kauno NORFA Baltų paštomatas";0;LT;"Kauno apskr.";"Kauno m. sav.";"Kauno m.";;"Baltų pr.";;195;;23.863531;54.916223;;;;;;;;;;"Paštomatą rasite lauke prie šoninės sienos, kairėje įėjimo į parduotuvę pusėje, už kampo";2024-02-27T09:06:17.667+02:00
99032;"Kauno NORFA Šiaurės pr. paštomatas";0;LT;"Kauno apskr.";"Kauno m. sav.";"Kauno m.";;"Šiaurės pr.";;44;;23.926717;54.929189;;;;;;;;;;;2025-02-03T10:59:51.890+02:00
99076;"Kauno Narsiečių MOKI-VEŽI paštomatas";0;LT;"Kauno apskr.";"Kauno r. sav.";"Narsiečių k.";;"Vytauto g.";;183;;23.877718;54.844441;;;;;;;;;;;2025-02-03T11:53:12.680+02:00
99056;"Kauno Neveronių AIBĖ paštomatas";0;LT;"Kauno apskr.";"Kauno r. sav.";"Neveronių k.";;"Keramikų g.";;7;;24.091436;54.925520;;;;;;;;;;;2023-06-28T06:02:59.167+03:00
99075;"Kauno Noreikiškių ŠILAS paštomatas";0;LT;"Kauno apskr.";"Kauno r. sav.";"Noreikiškių k.";;"Šiltnamių g.";;19;;23.853325;54.890479;;;;;;;;;;;2025-02-03T12:12:02.490+02:00
55549;"Kauno OFFICEDAY Savanorių pr. 172 paštomatas";0;LT;"Kauno apskr.";"Kauno m. sav.";"Kauno m.";;"Savanorių pr.";;172;;23.928174;54.908094;;;;;;;;;;"Paštomatą rasite lauke prie sienos, kairėje įėjimo į verslo centrą  pusėje, einant link Žemgulio g.";2024-02-27T08:58:17.880+02:00
88863;"Kauno PC AKROPOLIS paštomatas";0;LT;"Kauno apskr.";"Kauno m. sav.";"Kauno m.";;"Karaliaus Mindaugo pr.";;49;;23.919338;54.890926;;;;;;;;;;"Paštomatą rasite lauke, 1-ame parkavimo aikštelės aukšte, I-A įėjimas";2024-02-27T08:55:27.077+02:00
99506;"Kauno PC KALNIEČIAI paštomatas";0;LT;"Kauno apskr.";"Kauno m. sav.";"Kauno m.";;"Savanorių pr.";;375;;23.963464;54.925081;;;;;;;;;;;2025-02-03T11:07:55.080+02:00
77702;"Kauno PC MOLAS paštomatas";0;LT;"Kauno apskr.";"Kauno m. sav.";"Kauno m.";;"K. Baršausko g.";;66A;;23.968070;54.900456;;;;;;;;;;"Paštomatą rasite lauke prie sienos, kairėje pagrindinio įėjimo į prekybos centrą pusėje";2024-03-26T13:58:02.317+02:00
88827;"Kauno PC RIVER MALL paštomatas";0;LT;"Kauno apskr.";"Kauno m. sav.";"Kauno m.";;"Jonavos g.";;60;;23.898021;54.903282;;;;;;;;;;"Paštomatą rasite lauke prie sienos, dešinėje pagrindinio įėjimo į prekybos centrą pusėje";2025-02-03T10:58:38.163+02:00
55518;"Kauno PC SAVAS paštomatas";0;LT;"Kauno apskr.";"Kauno m. sav.";"Kauno m.";;"Savanorių pr.";;346;;23.963799;54.922035;;;;;;;;;;"Paštomatą rasite lauke prie šoninės sienos, kairėje įėjimo į parduotuvę pusėje, už taromato";2024-11-27T10:26:45.087+02:00
99005;"Kauno PC TAUBŪČIAI paštomatas";0;LT;"Kauno apskr.";"Kauno m. sav.";"Kauno m.";;"Jotvingių g.";;15;;23.897757;54.930354;;;;;;;;;;;2024-02-27T09:05:13.990+02:00
88881;"Kauno PLC MEGA paštomatas";0;LT;"Kauno apskr.";"Kauno m. sav.";"Kauno m.";;"Islandijos pl.";;32;;23.889418;54.939310;;;;;;;;;;"Paštomatą rasite lauke prie sienos, kairėje įėjimo į Rimi pusėje iš Islandijos pl.";2024-12-13T12:32:09.487+02:00
77703;"Kauno PM URMAS paštomatas";0;LT;"Kauno apskr.";"Kauno m. sav.";"Kauno m.";;"Pramonės pr.";;16;;23.987959;54.916401;;;;;;;;;;"Paštomatą rasite lauke, įvažiavę per 1C vartus prie Vakarinės galerijos esančio traukinio";2025-02-03T12:08:35.710+02:00
77704;"Kauno RIMI Baltijos paštomatas";0;LT;"Kauno apskr.";"Kauno m. sav.";"Kauno m.";;"Baltijos g.";;58;;23.879733;54.920581;;;;;;;;;;"Paštomatą rasite lauke prie sienos, dešinėje įėjimo į parduotuvę pusėje";2025-02-03T10:53:33.483+02:00
88882;"Kauno RIMI Europos paštomatas";0;LT;"Kauno apskr.";"Kauno m. sav.";"Kauno m.";;"Europos pr.";;43;;23.912434;54.875631;;;;;;;;;;"Paštomatą rasite lauke prie šoninės sienos, dešinėje įėjimo į parduotuvę pusėje, už kampo";2024-02-27T08:57:33.107+02:00
77705;"Kauno RIMI Juozapavičiaus paštomatas";0;LT;"Kauno apskr.";"Kauno m. sav.";"Kauno m.";;"A. Juozapavičiaus pr.";;11;;23.945235;54.864965;;;;;;;;;;"Paštomatą rasite lauke prie sienos, dešinėje įėjimo į parduotuvę pusėje";2025-02-03T10:57:32.643+02:00
88836;"Kauno RIMI Krėvės paštomatas";0;LT;"Kauno apskr.";"Kauno m. sav.";"Kauno m.";;"V. Krėvės pr.";;43A;;23.966171;54.917362;;;;;;;;;;"Paštomatą rasite lauke prie sienos,kairėje įėjimo į parduotuvę pusėje";2025-02-07T08:30:52.247+02:00
55541;"Kauno RIMI Prancūzų paštomatas";0;LT;"Kauno apskr.";"Kauno m. sav.";"Kauno m.";;"Prancūzų g.";;81;;23.949162;54.891485;;;;;;;;;;"Paštomatą rasite lauke prie sienos, kairėje įėjimo į parduotuvę pusėje";2025-02-03T11:03:01.167+02:00
88874;"Kauno RIMI Raudondvario pl. paštomatas";0;LT;"Kauno apskr.";"Kauno m. sav.";"Kauno m.";;"Raudondvario pl.";;94B;;23.865946;54.908863;;;;;;;;;;"Paštomatą rasite lauke, prie sienos kairėje įėjimo į parduotuvę pusėje";2025-02-03T15:39:26.097+02:00
88884;"Kauno RIMI Savanorių 321 paštomatas";0;LT;"Kauno apskr.";"Kauno m. sav.";"Kauno m.";;"Savanorių pr.";;321;;23.950340;54.919866;;;;;;;;;;"Paštomatą rasite lauke prie šoninės sienos, kairėje įėjimo į parduotuvę pusėje, už kampo (netoli taromato)";2025-02-03T10:58:14.937+02:00
55522;"Kauno RIMI Studentų paštomatas";0;LT;"Kauno apskr.";"Kauno m. sav.";"Kauno m.";;"Studentų g.";;19;;23.951539;54.908499;;;;;;;;;;"Paštomatą rasite lauke prie sienos, kairėje įėjimo į parduotuvę pusėje";2025-02-03T11:13:16.813+02:00
77700;"Kauno RIMI Varnių paštomatas";0;LT;"Kauno apskr.";"Kauno m. sav.";"Kauno m.";;"Varnių g.";;41;;23.902094;54.915458;;;;;;;;;;"Paštomatą rasite lauke prie sienos iš Varnių g. pusės";2025-02-03T15:00:01.237+02:00
88898;"Kauno Ramučių IKI paštomatas";0;LT;"Kauno apskr.";"Kauno r. sav.";"Ramučių k.";;"Centrinė g.";;56;;24.031606;54.954036;;;;;;;;;;"Paštomatą rasite lauke prie sienos iš Plento g. pusės";2025-02-03T12:07:13.737+02:00
55537;"Kauno Raudondvario EXPRESS MARKET paštomatas";0;LT;"Kauno apskr.";"Kauno r. sav.";"Raudondvario k.";;"J. Naujalio g.";;10;;23.780930;54.937944;;;;;;;;;;"Paštomatą rasite lauke prie sienos, dešinėje įėjimo į parduotuvę pusėje";2025-02-03T15:42:39.367+02:00
77701;"Kauno Ringaudų IKI paštomatas";0;LT;"Kauno apskr.";"Kauno r. sav.";"Ringaudų k.";;"Margirio g.";;2A;;23.806459;54.889443;;;;;;;;;;"Paštomatą rasite lauke prie sienos, dešinėje įėjimo į parduotuvę pusėje";2025-02-03T12:11:00.747+02:00
99551;"Kauno Ringaudų LIDL paštomatas";0;LT;"Kauno apskr.";"Kauno r. sav.";"Ringaudų k.";;"Obelynės g.";;1;;23.805408;54.890897;;;;;;;;;;;2025-02-11T10:32:44.320+02:00
55538;"Kauno Rokų MAXIMA paštomatas";0;LT;"Kauno apskr.";"Kauno m. sav.";"Kauno m.";;"Rokų g.";;17;;23.948407;54.840800;;;;;;;;;;"Paštomatą rasite lauke prie sienos, dešinėje įėjimo į parduotuvę pusėje";2024-02-27T09:54:00.667+02:00
99052;"Kauno Romainių IKI paštomatas";0;LT;"Kauno apskr.";"Kauno m. sav.";"Kauno m.";;"Vieškeliuko g.";;8;;23.816533;54.932981;;;;;;;;;;;2025-02-03T15:28:42.047+02:00
77706;"Kauno Romainių RIMI paštomatas";0;LT;"Kauno apskr.";"Kauno m. sav.";"Kauno m.";;"Romainių g.";;67C;;23.813120;54.942814;;;;;;;;;;"Paštomatą rasite lauke prie sienos, kairėje įėjimo į parduotuvę pusėje";2025-02-03T15:25:01.087+02:00
99607;"Kauno URBAN HUB paštomatas";0;LT;"Kauno apskr.";"Kauno r. sav.";"Biruliškių k.";;"Lyderystės g.";;2;;23.991121;54.933784;;;;;;;;;;;2024-11-28T16:27:59.957+02:00
99614;"Kauno Užliedžių ŠILAS paštomatas";0;LT;"Kauno apskr.";"Kauno r. sav.";"Užliedžių k.";;"Griežlės g.";;40;;23.823117;54.965300;;;;;;;;;;;2025-02-03T15:33:19.623+02:00
55545;"Kauno Vaišvydavos IKI paštomatas";0;LT;"Kauno apskr.";"Kauno m. sav.";"Kauno m.";;"Didžioji g.";;98;;24.013375;54.854425;;;;;;;;;;"Paštomatą rasite lauke prie šoninės sienos, dešinėje įėjimo į parduotuvę pusėje, už kampo";2025-02-03T11:47:50.433+02:00
99529;"Kauno Vaišvydavos MAXIMA paštomatas";0;LT;"Kauno apskr.";"Kauno m. sav.";"Kauno m.";;"Didžioji g.";;102;;24.015511;54.853522;;;;;;;;;;;2025-02-03T11:48:24.587+02:00
99616;"Kauno Vijūkų IKI paštomatas";0;LT;"Kauno apskr.";"Kauno m. sav.";"Kauno m.";;"Vijūkų g.";;125;;23.860373;54.939230;;;;;;;;;;;2025-02-03T15:30:34.270+02:00
99547;"Kauno Vijūkų LIDL paštomatas";0;LT;"Kauno apskr.";"Kauno m. sav.";"Kauno m.";;"B. Brazdžionio g.";;23B;;23.863075;54.934031;;;;;;;;;;;2025-02-03T15:23:53.557+02:00
99068;"Kauno Vijūkų ŠILAS paštomatas";0;LT;"Kauno apskr.";"Kauno m. sav.";"Kauno m.";;"Lubinų g.";;155;;23.828027;54.945325;;;;;;;;;;;2024-02-27T08:49:34.783+02:00
99935;"Kauno ČIA MARKET Šiaurės paštomatas";0;LT;"Kauno apskr.";"Kauno m. sav.";"Kauno m.";;"Šiaurės pr.";;47;;23.957842;54.930435;;;;;;;;;;;2024-11-06T07:38:24.583+02:00
88828;"Kauno ŠILAS Baltų paštomatas";0;LT;"Kauno apskr.";"Kauno m. sav.";"Kauno m.";;"Baltų pr.";;18;;23.883312;54.929629;;;;;;;;;;"Paštomatą rasite lauke prie sienos, kairėje įėjimo į parduotuvę pusėje";2025-02-21T09:33:19.537+02:00
88831;"Kauno ŠILAS Baranausko paštomatas";0;LT;"Kauno apskr.";"Kauno m. sav.";"Kauno m.";;"A. Baranausko g.";;26;;23.956149;54.909912;;;;;;;;;;"Paštomatą rasite lauke prie sienos, kairėje įėjimo į parduotuvę pusėje";2025-02-03T11:35:39.320+02:00
88832;"Kauno ŠILAS Juozapavičiaus 81A paštomatas";0;LT;"Kauno apskr.";"Kauno m. sav.";"Kauno m.";;"A. Juozapavičiaus pr.";;81A;;23.935761;54.875165;;;;;;;;;;"Paštomatą rasite lauke prie sienos, dešinėje įėjimo į parduotuvę pusėje";2024-02-27T09:55:02.713+02:00
99503;"Kauno ŠILAS Juozapavičiaus pr. 33 paštomatas";0;LT;"Kauno apskr.";"Kauno m. sav.";"Kauno m.";;"A. Juozapavičiaus pr.";;33;;23.938929;54.870336;;;;;;;;;;;2025-02-03T10:57:58.977+02:00
99937;"Kauno ŠILAS Seniavos pl. paštomatas";0;LT;"Kauno apskr.";"Kauno m. sav.";"Kauno m.";;"Seniavos pl.";;36;;23.894357;54.864052;;;;;;;;;;;2025-02-03T11:55:44.267+02:00
55506;"Kauno ŠILAS Sprangausko paštomatas";0;LT;"Kauno apskr.";"Kauno m. sav.";"Kauno m.";;"K. Sprangausko g.";;1A;;23.880278;54.848074;;;;;;;;;;"Paštomatą rasite lauke prie šoninės sienos, dešinėje įėjimo į parduotuvę pusėje, už kampo";2024-02-27T09:19:08.783+02:00
55514;"Kauno ŠILAS Taikos paštomatas";0;LT;"Kauno apskr.";"Kauno m. sav.";"Kauno m.";;"Taikos pr.";;31A;;23.946887;54.911603;;;;;;;;;;"Paštomatą rasite lauke prie sienos, kairėje įėjimo į parduotuvę pusėje";2025-02-03T11:37:11.623+02:00
77708;"Kauno ŠILAS Vandžiogalos pl. paštomatas";0;LT;"Kauno apskr.";"Kauno m. sav.";"Kauno m.";;"Vandžiogalos pl.";;22;;23.882664;54.945361;;;;;;;;;;"Paštomatą rasite lauke prie sienos, kairėje įėjimo į parduotuvę pusėje";2025-02-03T10:56:54.637+02:00
77707;"Kauno ŠILAS Škirpos paštomatas";0;LT;"Kauno apskr.";"Kauno m. sav.";"Kauno m.";;"K. Škirpos g.";;17;;23.943316;54.930281;;;;;;;;;;"Paštomatą rasite lauke prie sienos, kairėje įėjimo į parduotuvę pusėje";2024-02-27T08:58:59.653+02:00
99933;"Kauno ŽALIA STOTELĖ Baltijos paštomatas";0;LT;"Kauno apskr.";"Kauno m. sav.";"Kauno m.";;"Baltijos g.";;2A;;23.890844;54.924948;;;;;;;;;;;2025-02-03T10:54:12.893+02:00
99617;"Kazlų Rūdos IKI Donelaičio paštomatas";0;LT;"Marijampolės apskr.";"Kazlų Rūdos sav.";"Kazlų Rūdos m.";;"K. Donelaičio g.";;7;;23.496025;54.742509;;;;;;;;;;;2025-03-04T12:54:04.710+02:00
77739;"Kazlų Rūdos MAXIMA paštomatas";0;LT;"Marijampolės apskr.";"Kazlų Rūdos sav.";"Kazlų Rūdos m.";;"M. Valančiaus g.";;7;;23.493249;54.751551;;;;;;;;;;"Paštomatą rasite lauke prie sienos, dešinėje įėjimo į parduotuvę pusėje";2025-03-04T07:18:54.490+02:00
96114;"Kehra Coop Konsumi pakiautomaat";0;EE;"Harju maakond";"Anija vald";"Kehra linn";;"Kose mnt";;9;;25.332838;59.333827;;;;;;;;;;;2025-01-17T13:42:38.437+02:00
74395;"Kehra postipunkt";1;EE;"Harju maakond";"Anija vald";"Kehra linn";;"Kose mnt";;2;;25.331773;59.334224;"E,T,K,N,R,L 10:00-17:00 P SULETUD";;;;;;;;;;2025-03-06T08:54:02.670+02:00
96221;"Kehtna Coop kaupluse pakiautomaat";0;EE;"Rapla maakond";"Kehtna vald";"Kehtna alevik";;"Lasteaia tn";;12;;24.871609;58.925931;;;;;;;;;;;2025-01-08T11:55:33.927+02:00
96172;"Keila Grossi pakiautomaat";0;EE;"Harju maakond";"Keila linn";;;"Piiri tn";;5;;24.417616;59.312293;;;;;;;;;;;2025-01-08T11:35:40.333+02:00
96229;"Keila Maxima X pakiautomaat";0;EE;"Harju maakond";"Keila linn";;;"Tallinna mnt";;25;;24.432775;59.310719;;;;;;;;;;;2025-01-08T11:58:31.073+02:00
96049;"Keila Rõõmu kaubamaja pakiautomaat";0;EE;"Harju maakond";"Keila linn";;;"Haapsalu mnt";;57a;;24.398912;59.307554;;;;;;;;;;;2025-01-17T13:09:24.470+02:00
76601;"Keila postkontor";1;EE;"Harju maakond";"Keila linn";;;"Jaama tn";;1;;24.413942;59.306799;"E,T,K,N,R 09:00-18:00 L,P SULETUD;Ligipääs ratastooliga";;;;;;;;;;2025-02-14T14:34:31.670+02:00
88805;"Kelmės MAXIMA Vytauto Didžiojo paštomatas";0;LT;"Šiaulių apskr.";"Kelmės r. sav.";"Kelmės m.";;"Vytauto Didžiojo g.";;49;;22.930892;55.629949;;;;;;;;;;"Paštomatą rasite lauke prie sienos, kairėje įėjimo į parduotuvę pusėje";2025-02-19T08:42:40.070+02:00
99034;"Kelmės NORFA S. Šilingo paštomatas";0;LT;"Šiaulių apskr.";"Kelmės r. sav.";"Kelmės m.";;"S. Šilingo g.";;5;;22.928213;55.631928;;;;;;;;;;;2024-03-26T15:25:56.723+02:00
88999;"Kihnu pakiväljastus";0;EE;"Pärnu maakond";"Kihnu vald";"Lemsi küla";;;;;;24.009217;58.131733;;;;;;;;;;;2023-10-31T11:59:11.747+02:00
96155;"Kiili Coop Konsumi pakiautomaat";0;EE;"Harju maakond";"Kiili vald";"Kiili alev";;"Nabala tee";;4;;24.837485;59.307490;;;;;;;;;;;2025-01-08T11:27:00.203+02:00
96159;"Kiisa Coop kaupluse pakiautomaat";0;EE;"Harju maakond";"Saku vald";"Kiisa alevik";;"Kurtna tee";;10;;24.690235;59.234306;;;;;;;;;;;2025-01-08T11:30:20.720+02:00
96320;"Kilingi-Nõmme Coop Konsumi pakiautomaat";0;EE;"Pärnu maakond";"Saarde vald";"Kilingi-Nõmme linn";;"Pärnu tn";;37;;24.949428;58.148012;;;;;;;;;;;2025-01-08T16:29:46.943+02:00
96330;"Kivi-Vigala pakiautomaat";0;EE;"Rapla maakond";"Märjamaa vald";"Kivi-Vigala küla";;"Kiriku tee";;4;;24.365273;58.712943;;;;;;;;;;;2025-01-09T15:22:18.323+02:00
96176;"Kiviõli Grossi pakiautomaat";0;EE;"Ida-Viru maakond";"Lüganuse vald";"Kiviõli linn";;Keskpuiestee;;33;;26.974969;59.356588;;;;;;;;;;;2025-01-08T11:36:41.490+02:00
96090;"Kiviõli Maxima X pakiautomaat";0;EE;"Ida-Viru maakond";"Lüganuse vald";"Kiviõli linn";;"Viru tn";;5;;26.973209;59.358844;;;;;;;;;;;2025-01-17T11:38:27.040+02:00
43101;"Kiviõli postipunkt";1;EE;"Ida-Viru maakond";"Lüganuse vald";"Kiviõli linn";;"Viru tn";;7;;26.974525;59.359044;"E,T,K,N 11:00-15:00 R,L,P SULETUD;Ligipääs ratastooliga";;;;;;;;;;2025-02-25T15:44:20.443+02:00
55565;"Klaipėdos Derceklių RIMI paštomatas";0;LT;"Klaipėdos apskr.";"Klaipėdos r. sav.";"Derceklių k.";;"Nidos g.";;1;;21.271442;55.578278;;;;;;;;;;"Paštomatą rasite lauke prie šoninės sienos, dešinėje įėjimo į parduotuvę pusėje, už kampo";2023-12-29T09:12:39.170+02:00
99007;"Klaipėdos EXPRESS MARKET Taikos paštomatas";0;LT;"Klaipėdos apskr.";"Klaipėdos m. sav.";"Klaipėdos m.";;"Taikos pr.";;97B;;21.166610;55.679103;;;;;;;;;;;2022-12-06T15:59:34.420+02:00
99509;"Klaipėdos Gindulių MAXIMA paštomatas";0;LT;"Klaipėdos apskr.";"Klaipėdos r. sav.";"Gindulių k.";;"Žalioji g.";;36;;21.189418;55.733184;;;;;;;;;;;2024-11-25T13:19:37.937+02:00
77742;"Klaipėdos HERKAUS GALERIJA paštomatas";0;LT;"Klaipėdos apskr.";"Klaipėdos m. sav.";"Klaipėdos m.";;"H. Manto g.";;22;;21.130218;55.715201;;;;;;;;;;"Paštomatą rasite lauke prie sienos, iš Ligoninės g. pusės";2023-12-28T09:38:01.403+02:00
55560;"Klaipėdos IKI Debreceno paštomatas";0;LT;"Klaipėdos apskr.";"Klaipėdos m. sav.";"Klaipėdos m.";;"Debreceno g.";;54;;21.172714;55.682740;;;;;;;;;;"Paštomatą rasite lauke prie sienos, dešinėje įėjimo į parduotuvę pusėje";2023-12-29T09:11:15.807+02:00
55559;"Klaipėdos IKI Nidos g. paštomatas";0;LT;"Klaipėdos apskr.";"Klaipėdos m. sav.";"Klaipėdos m.";;"Nidos g.";;5;;21.156567;55.678735;;;;;;;;;;"Paštomatą rasite lauke prie sienos, kairėje įėjimo į parduotuvę pusėje";2023-12-29T09:10:28.527+02:00
99026;"Klaipėdos IKI Taikos pr. 115 paštomatas";0;LT;"Klaipėdos apskr.";"Klaipėdos m. sav.";"Klaipėdos m.";;"Taikos pr.";;115;;21.171457;55.671890;;;;;;;;;;;2023-08-24T06:03:42.463+03:00
99942;"Klaipėdos Jakų AIBĖ paštomatas";0;LT;"Klaipėdos apskr.";"Klaipėdos r. sav.";"Jakų k.";;"Bičių g.";;37;;21.227541;55.693554;;;;;;;;;;;2024-01-02T08:46:55.443+02:00
99507;"Klaipėdos Kalotės EXPRESS MARKET paštomatas";0;LT;"Klaipėdos apskr.";"Klaipėdos r. sav.";"Purmalių k.";;"Naujoji g.";;48;;21.137700;55.774276;;;;;;;;;;;2024-11-25T13:20:02.647+02:00
99057;"Klaipėdos Ketvergių AIBĖ paštomatas";0;LT;"Klaipėdos apskr.";"Klaipėdos r. sav.";"Ketvergių k.";;"Pamiškės g.";;2A;;21.305013;55.639019;;;;;;;;;;;2022-11-09T16:03:39.117+02:00
55553;"Klaipėdos Klipščių RIMI paštomatas";0;LT;"Klaipėdos apskr.";"Klaipėdos r. sav.";"Slengių k.";;"Žaliakelio g.";;1;;21.175073;55.752530;;;;;;;;;;"Paštomatą rasite lauke prie sienos, kairėje įėjimo į parduotuvę pusėje";2023-12-29T09:08:45.550+02:00
99602;"Klaipėdos LIDL Smiltelės g. paštomatas";0;LT;"Klaipėdos apskr.";"Klaipėdos m. sav.";"Klaipėdos m.";;"Smiltelės g.";;19;;21.191725;55.669794;;;;;;;;;;;2024-11-28T16:28:26.987+02:00
99548;"Klaipėdos LIDL Statybininkų pr. paštomatas";0;LT;"Klaipėdos apskr.";"Klaipėdos m. sav.";"Klaipėdos m.";;"Statybininkų pr.";;18;;21.174084;55.674934;;;;;;;;;;;2024-11-25T11:58:44.380+02:00
99538;"Klaipėdos LIDL Tilžės paštomatas";0;LT;"Klaipėdos apskr.";"Klaipėdos m. sav.";"Klaipėdos m.";;"Tilžės g.";;56B;;21.158906;55.704602;;;;;;;;;;;2024-11-25T12:01:40.987+02:00
99947;"Klaipėdos MAXIMA H. Manto paštomatas";0;LT;"Klaipėdos apskr.";"Klaipėdos m. sav.";"Klaipėdos m.";;"H. Manto g.";;11;;21.129080;55.714550;;;;;;;;;;;2024-01-02T08:58:31.233+02:00
99596;"Klaipėdos MAXIMA Liepojos paštomatas";0;LT;"Klaipėdos apskr.";"Klaipėdos m. sav.";"Klaipėdos m.";;"Liepojos g.";;10;;21.127230;55.731933;;;;;;;;;;;2024-11-28T16:28:43.350+02:00
99562;"Klaipėdos MAXIMA Šilutės pl. 68 paštomatas";0;LT;"Klaipėdos apskr.";"Klaipėdos m. sav.";"Klaipėdos m.";;"Šilutės pl.";;68;;21.189105;55.676609;;;;;;;;;;;2024-11-25T11:27:39.883+02:00
99063;"Klaipėdos NORFA Gedminų paštomatas";0;LT;"Klaipėdos apskr.";"Klaipėdos m. sav.";"Klaipėdos m.";;"Gedminų g.";;7A;;21.178313;55.675625;;;;;;;;;;;2023-12-29T10:57:21.390+02:00
88877;"Klaipėdos NORFA Tauralaukio paštomatas";0;LT;"Klaipėdos apskr.";"Klaipėdos m. sav.";"Klaipėdos m.";;"Tauralaukio g.";;1;;21.142760;55.753475;;;;;;;;;;"Paštomatą rasite lauke prie sienos, dešinėje įėjimo į parduotuvę pusėje, po stogu";2022-12-06T15:47:28.303+02:00
88872;"Klaipėdos NORFA Vingio paštomatas";0;LT;"Klaipėdos apskr.";"Klaipėdos m. sav.";"Klaipėdos m.";;"Vingio g.";;21A;;21.195697;55.668081;;;;;;;;;;"Paštomatą rasite lauke, prie sienos kairėje įėjimo į parduotuvę pusėje";2024-01-02T11:28:45.713+02:00
99511;"Klaipėdos PC AKROPOLIS paštomatas";0;LT;"Klaipėdos apskr.";"Klaipėdos m. sav.";"Klaipėdos m.";;"Taikos pr.";;61;;21.156111;55.691380;;;;;;;;;;;2024-11-25T13:12:22.337+02:00
88837;"Klaipėdos PC ARENA paštomatas";0;LT;"Klaipėdos apskr.";"Klaipėdos m. sav.";"Klaipėdos m.";;"Taikos pr.";;64;;21.155785;55.687225;;;;;;;;;;;2024-08-26T14:37:28.433+03:00
55555;"Klaipėdos PC BANGINIS paštomatas";0;LT;"Klaipėdos apskr.";"Klaipėdos m. sav.";"Klaipėdos m.";;"Šilutės pl.";;35A;;21.183192;55.692883;;;;;;;;;;"Paštomatą rasite lauke prie sienos, dešinėje įėjimo į prekybos centrą pusėje, šalia Senukų iškabos";2025-01-10T08:46:46.610+02:00
99945;"Klaipėdos PC Grandus paštomatas";0;LT;"Klaipėdos apskr.";"Klaipėdos m. sav.";"Klaipėdos m.";;"Taikos pr.";;66A;;21.158880;55.684793;;;;;;;;;;;2024-01-02T08:56:27.680+02:00
99944;"Klaipėdos PC LIEPŲ 81 paštomatas";0;LT;"Klaipėdos apskr.";"Klaipėdos m. sav.";"Klaipėdos m.";;"Liepų g.";;81;;21.155664;55.722484;;;;;;;;;;;2024-01-02T08:55:38.380+02:00
55557;"Klaipėdos PC LUIZĖ paštomatas";0;LT;"Klaipėdos apskr.";"Klaipėdos m. sav.";"Klaipėdos m.";;"Šiaurės pr.";;15;;21.141304;55.727229;;;;;;;;;;"Paštomatą rasite lauke prie sienos, kairėje įėjimo į prekybos centrą pusėje";2023-12-29T09:09:55.993+02:00
88841;"Klaipėdos PC MOLAS paštomatas";0;LT;"Klaipėdos apskr.";"Klaipėdos m. sav.";"Klaipėdos m.";;"Taikos pr.";;139;;21.177448;55.664533;;;;;;;;;;"Paštomatą rasite lauke prie sienos, įėjimo į RIMI parduotuvę kairėje iš Liubeko g. pusės";2023-10-28T06:03:03.153+03:00
55558;"Klaipėdos PC SATURNAS paštomatas";0;LT;"Klaipėdos apskr.";"Klaipėdos m. sav.";"Klaipėdos m.";;"Taikos pr.";;5;;21.142256;55.705206;;;;;;;;;;"Paštomatą rasite lauke prie sienos, dešinėje įėjimo į vaistinę pusėje, šalia bankomato";2023-12-29T09:10:12.303+02:00
88839;"Klaipėdos PC STUDLENDAS paštomatas";0;LT;"Klaipėdos apskr.";"Klaipėdos m. sav.";"Klaipėdos m.";;"H. Manto g.";;90;;21.124799;55.728614;;;;;;;;;;"Paštomatą rasite lauke prie sienos, dešinėje įėjimo į IKI pusėje, iš Šiaurės pr.";2024-01-02T08:46:16.617+02:00
99946;"Klaipėdos PC VYTURYS paštomatas";0;LT;"Klaipėdos apskr.";"Klaipėdos m. sav.";"Klaipėdos m.";;"Laukininkų g.";;19;;21.191985;55.663949;;;;;;;;;;;2024-01-02T08:57:27.350+02:00
55556;"Klaipėdos RIMI Liepojos paštomatas";0;LT;"Klaipėdos apskr.";"Klaipėdos m. sav.";"Klaipėdos m.";;"Liepojos g.";;27;;21.130231;55.751524;;;;;;;;;;"Paštomatą rasite lauke prie sienos, kairėje įėjimo į parduotuvę pusėje";2023-12-29T09:09:38.437+02:00
99008;"Klaipėdos RIMI Pajūrio g. paštomatas";0;LT;"Klaipėdos apskr.";"Klaipėdos m. sav.";"Klaipėdos m.";;"Pajūrio g.";;5A;;21.151404;55.753860;;;;;;;;;;;2022-12-06T15:59:59.350+02:00
99081;"Klaipėdos SENOJI BALDINĖ Taikos pr. 98 paštomatas";0;LT;"Klaipėdos apskr.";"Klaipėdos m. sav.";"Klaipėdos m.";;"Taikos pr.";;98;;21.171533;55.668638;;;;;;;;;;;2024-01-31T09:35:22.957+02:00
99609;"Klaipėdos Slengių LIDL paštomatas";0;LT;"Klaipėdos apskr.";"Klaipėdos r. sav.";"Slengių k.";;"Piligrimų g.";;2;;21.188006;55.733772;;;;;;;;;;;2024-11-28T16:29:01.617+02:00
77710;"Klaipėdos Slengių RIMI paštomatas";0;LT;"Klaipėdos apskr.";"Klaipėdos r. sav.";"Slengių k.";;"Dangaus g.";;34;;21.191775;55.736670;;;;;;;;;;"Paštomatą rasite lauke prie sienos, kairėje įėjimo į parduotuvę pusėje";2022-12-21T09:56:11.133+02:00
88873;"Klaipėdos TECHNORAMA Taikos 39 paštomatas";0;LT;"Klaipėdos apskr.";"Klaipėdos m. sav.";"Klaipėdos m.";;"Taikos pr.";;39;;21.149172;55.698207;;;;;;;;;;"Paštomatą rasite lauke prie sienos, kairėje įėjimo į parduotuvę pusėje";2021-12-23T14:54:57.990+02:00
55554;"Klaipėdos TILŽĖS TURGUS paštomatas";0;LT;"Klaipėdos apskr.";"Klaipėdos m. sav.";"Klaipėdos m.";;"Tilžės g.";;51;;21.165810;55.705836;;;;;;;;;;"Paštomatą rasite lauke prie tvoros, kairėje įėjimo į turgų pusėje";2023-12-29T09:09:03.907+02:00
88838;"Klaipėdos VIADA Priestočio paštomatas";0;LT;"Klaipėdos apskr.";"Klaipėdos m. sav.";"Klaipėdos m.";;"Priestočio g.";;28;;21.141022;55.719124;;;;;;;;;;"Paštomatą rasite lauke prie sienos, dešinėje įėjimo į parduotuvę pusėje";2021-12-02T11:35:38.870+02:00
77781;"Klaipėdos ČIA MARKET Mogiliovo paštomatas";0;LT;"Klaipėdos apskr.";"Klaipėdos m. sav.";"Klaipėdos m.";;"Mogiliovo g.";;12;;21.200064;55.663737;;;;;;;;;;"Paštomatą rasite lauke prie sienos, dešinėje įėjimo į parduotuvę pusėje";2023-12-29T14:33:05.607+02:00
99561;"Klausučių AIBĖ paštomatas";0;LT;"Tauragės apskr.";"Jurbarko r. sav.";"Klausučių k.";;"A. Daugėlos g.";;1;8;23.362506;55.112707;;;;;;;;;;;2024-08-19T07:55:41.937+03:00
96290;"Klooga pakiautomaat";0;EE;"Harju maakond";"Lääne-Harju vald";"Klooga alevik";;"Aedlinna tee";;3;;24.235227;59.319918;;;;;;;;;;;2025-01-15T12:36:06.657+02:00
96147;"Koeru Vallamaja pakiautomaat";0;EE;"Järva maakond";"Järva vald";"Koeru alevik";;"Paide tee";;5;;26.024799;58.962392;;;;;;;;;;;2025-01-08T10:53:51.943+02:00
96094;"Kohila Coop Konsumi pakiautomaat";0;EE;"Rapla maakond";"Kohila vald";"Kohila alev";;"Vabaduse tn";;7;;24.750497;59.167184;;;;;;;;;;;2025-01-17T11:40:29.290+02:00
96393;"Kohila Grossi pakiautomaat";0;EE;"Rapla maakond";"Kohila vald";"Kohila alev";;"Viljandi mnt";;3a;;24.760121;59.167225;;;;;;;;;;;2025-01-09T16:24:42.160+02:00
79895;"Kohila postipunkt";1;EE;"Rapla maakond";"Kohila vald";"Kohila alev";;"Vabaduse tn";;20;;24.749493;59.168117;"E,T,K,N,R 09:00-18:00 L 10:00-15:00 P 10:00-14:00;Ligipääs ratastooliga";;;;;;;;;;2025-02-25T15:46:32.473+02:00
96139;"Kohtla-Järve Keskallee Maxima X pakiautomaat";0;EE;"Ida-Viru maakond";"Kohtla-Järve linn";"Järve linnaosa";;Keskallee;;12;;27.284854;59.402352;;;;;;;;;;;2025-01-17T13:48:04.387+02:00
96307;"Kohtla-Järve Mõisa tee Maxima X pakiautomaat";0;EE;"Ida-Viru maakond";"Kohtla-Järve linn";"Järve linnaosa";;"Mõisa tee";;3;;27.290852;59.406581;;;;;;;;;;;2025-02-11T10:44:19.010+02:00
96036;"Kohtla-Järve Rimi pakiautomaat";0;EE;"Ida-Viru maakond";"Kohtla-Järve linn";"Järve linnaosa";;"Põhja allee";;4;;27.284822;59.407391;;;;;;;;;;;2025-01-17T11:21:01.390+02:00
96386;"Kohtla-Järve Selveri pakiautomaat";0;EE;"Ida-Viru maakond";"Kohtla-Järve linn";"Järve linnaosa";;"Järveküla tee";;68;;27.298122;59.401561;;;;;;;;;;;2025-01-09T16:22:39.077+02:00
96093;"Kohtla-Järve Vironia keskuse pakiautomaat";0;EE;"Ida-Viru maakond";"Kohtla-Järve linn";"Järve linnaosa";;"Järveküla tee";;50;;27.286519;59.397283;;;;;;;;;;;2025-03-19T10:59:50.250+02:00
30301;"Kohtla-Järve postkontor";1;EE;"Ida-Viru maakond";"Kohtla-Järve linn";"Järve linnaosa";;"Järveküla tee";;50;;27.286075;59.397948;"E,T,K,N,R 09:00-18:00 L,P SULETUD;Ligipääs ratastooliga";;;;;;;;;;2025-02-25T15:44:55.673+02:00
96342;"Kohtla-Nõmme pakiautomaat";0;EE;"Ida-Viru maakond";"Toila vald";"Kohtla-Nõmme alev";;"Kooli tn";;6;;27.192003;59.354408;;;;;;;;;;;2025-01-09T15:25:58.430+02:00
96260;"Koigi pakiautomaat";0;EE;"Järva maakond";"Järva vald";"Koigi küla";;"Mõisavahe tee";;2;;25.753129;58.835677;;;;;;;;;;;2025-01-08T12:09:50.857+02:00
9141;"Kokneses Lats pakomāts";0;LV;"Kokneses nov.";"Kokneses pag.";Koknese;;"Hanzas iela";;1;;25.439377;56.650215;;;;;;;;;"Pa labi no ieejas";;2024-06-21T10:12:45.050+03:00
96266;"Kolga-Jaani pakiautomaat";0;EE;"Viljandi maakond";"Viljandi vald";"Kolga-Jaani alevik";;"Viljandi mnt";;6;;25.942990;58.533992;;;;;;;;;;;2025-01-08T12:11:51.963+02:00
9264;"Kolkas Citro pakomāts";0;LV;"Talsu novads";"Kolkas pagasts";Kolka;;;Saulkrasti;;;22.586423;57.743435;;;;;;;;;"Pa kreisi no ieejas
";;2024-10-21T12:33:07.190+03:00
96267;"Koonga pakiautomaat";0;EE;"Pärnu maakond";"Lääneranna vald";"Koonga küla";;;Valla;2;;24.149549;58.580114;;;;;;;;;;;2025-01-08T12:12:04.833+02:00
96096;"Kose Grossi pakiautomaat";0;EE;"Harju maakond";"Kose vald";"Kose alevik";;"Kodu tn";;2;;25.164630;59.184000;;;;;;;;;;;2025-01-17T11:41:27.643+02:00
96270;"Kose-Uuemõisa pakiautomaat";0;EE;"Harju maakond";"Kose vald";"Kose-Uuemõisa alevik";;"Kesk tn";;15;;25.105587;59.202964;;;;;;;;;;;2025-01-08T12:12:44.450+02:00
96160;"Kostivere Meie kaupluse pakiautomaat";0;EE;"Harju maakond";"Jõelähtme vald";"Kostivere alevik";;"Mõisa tee";;3;;25.094629;59.428523;;;;;;;;;;;2025-03-28T15:03:02.777+02:00
55573;"Krekenavos KOOPS paštomatas";0;LT;"Panevėžio apskr.";"Panevėžio r. sav.";"Krekenavos mstl.";;"Bažnyčios g.";;2;;24.097792;55.543391;;;;;;;;;;"Paštomatą rasite lauke prie šoninės sienos, dešinėje įėjimo į parduotuvę pusėje, už kampo";2024-02-21T06:02:26.673+02:00
99080;"Kretingos AIBĖ Melioratorių g. 49 paštomatas";0;LT;"Klaipėdos apskr.";"Kretingos r. sav.";"Kretingos m.";;"Melioratorių g.";;49;;21.266694;55.887352;;;;;;;;;;;2024-07-10T17:12:18.590+03:00
99600;"Kretingos LIDL paštomatas";0;LT;"Klaipėdos apskr.";"Kretingos r. sav.";"Kretingos m.";;"Žemaitės al.";;12;;21.262706;55.892664;;;;;;;;;;;2024-11-28T16:29:15.173+02:00
88806;"Kretingos MAXIMA Rotušės paštomatas";0;LT;"Klaipėdos apskr.";"Kretingos r. sav.";"Kretingos m.";;"Rotušės a.";;15;;21.240982;55.889772;;;;;;;;;;"Paštomatą rasite lauke prie sienos, dešinėje įėjimo į parduotuvę pusėje";2024-09-09T15:45:53.513+03:00
88893;"Kretingos NORFA paštomatas";0;LT;"Klaipėdos apskr.";"Kretingos r. sav.";"Kretingos m.";;"Šventosios g.";;25H;;21.232680;55.892349;;;;;;;;;;"Paštomatą rasite lauke prie sienos, iš parkavimo aikštelės pusės";2024-01-19T06:03:20.573+02:00
99938;"Kretingos RIMI paštomatas";0;LT;"Klaipėdos apskr.";"Kretingos r. sav.";"Kretingos m.";;"Šventosios g.";;27B;;21.233784;55.894768;;;;;;;;;;;2024-01-02T08:45:40.240+02:00
99939;"Kretingos Žemaitės al. 37 paštomatas";0;LT;"Klaipėdos apskr.";"Kretingos r. sav.";"Kretingos m.";;"Žemaitės al.";;37;;21.266307;55.893077;;;;;;;;;;;2024-01-02T08:45:59.377+02:00
10701;"Kristiine postkontor";1;EE;"Harju maakond";Tallinn;"Kristiine linnaosa";;"Endla tn";;45;;24.722686;59.426694;"E,T,K,N,R 10:00-20:00 L 10:00-16:00 P SULETUD;Ligipääs ratastooliga";;;;;;;;;;2025-03-20T08:53:44.290+02:00
9984;"Krāslavas Maxima X pakomāts";0;LV;"Krāslavas novads";Krāslava;;;"Rīgas iela";;28;;27.161997;55.896968;;;;;;;;;"Pa kreisi no T/C Centrālās ieejas";;2025-01-03T15:23:22.880+02:00
55531;"Kudirkos Naumiesčio AIBĖ Šakių g. paštomatas";0;LT;"Marijampolės apskr.";"Šakių r. sav.";"Kudirkos Naumiesčio m.";;"Šakių g.";;1;;22.865438;54.778235;;;;;;;;;;"Paštomatą rasite lauke prie šoninės sienos, kairėje įėjimo į parduotuvę pusėje, už kampo";2024-08-02T07:37:05.183+03:00
9205;"Kuldīgas Gravas ielas ELVI pakomāts";0;LV;"Kuldīgas novads";Kuldīga;;;"Gravas iela";;1;;21.957910;56.973249;;;;;;;;;"Pa labi no ieejas";;2024-06-21T13:34:16.557+03:00
9536;"Kuldīgas Stendes ielas Citro pakomāts";0;LV;"Kuldīgas novads";Kuldīga;;;"Stendes iela";;23A;;21.987342;56.971248;;;;;;;;;"Veikala pagalmā
";;2023-09-29T09:35:54.600+03:00
9930;"Kuldīgas Sūru ielas RIMI pakomāts";0;LV;"Kuldīgas novads";Kuldīga;;;"Sūru iela";;2;;21.958281;56.967018;;;;;;;;;"Pie ieejas no stāvlaukuma puses";;2024-06-26T13:50:53.497+03:00
90794;"Kullamaa postipunkt (Vaibatuba)";1;EE;"Lääne maakond";"Lääne-Nigula vald";"Kullamaa küla";;;;;;24.079395;58.880466;"E,T,N,R 10:00-12:00 K 16:00-18:00 L,P SULETUD";;;;;;;;;;2025-02-18T08:27:43.530+02:00
96277;"Kummeli Coop Konsumi pakiautomaat";0;EE;"Saare maakond";"Saaremaa vald";"Kudjape alevik";;"Kummeli põik";;1;;22.520299;58.254184;;;;;;;;;;;2025-01-08T10:50:42.970+02:00
96122;"Kunda Grossi pakiautomaat";0;EE;"Lääne-Viru maakond";"Viru-Nigula vald";"Kunda linn";;"Kasemäe tn";;12;;26.518565;59.500489;;;;;;;;;;;2025-01-17T13:48:30.267+02:00
44194;"Kunda postipunkt";1;EE;"Lääne-Viru maakond";"Viru-Nigula vald";"Kunda linn";;"Koidu tn";;75;;26.504913;59.504890;"E 13:30-17:30 T,K,N 10:00-14:00 R 12:00-16:00 L,P SULETUD;Ligipääs ratastooliga";;;;;;;;;;2025-03-06T10:54:17.683+02:00
99513;"Kupiškio NORFA Pergalės paštomatas";0;LT;"Panevėžio apskr.";"Kupiškio r. sav.";"Kupiškio m.";;"Pergalės g.";;8;;24.980221;55.844276;;;;;;;;;;;2024-11-25T13:11:57.137+02:00
77740;"Kupiškio NORFA Purėno paštomatas";0;LT;"Panevėžio apskr.";"Kupiškio r. sav.";"Kupiškio m.";;"A. Purėno g.";;1;;24.993626;55.836344;;;;;;;;;;"Paštomatą rasite lauke prie sienos, kairėje įėjimo į parduotuvę pusėje";2023-12-28T09:37:03.930+02:00
96034;"Kuressaare Maxima XX pakiautomaat";0;EE;"Saare maakond";"Saaremaa vald";"Kuressaare linn";;"Tallinna tn";;64;;22.504776;58.260402;;;;;;;;;;;2025-03-19T15:56:36.547+02:00
96065;"Kuressaare Smuuli Coop Konsumi pakiautomaat";0;EE;"Saare maakond";"Saaremaa vald";"Kuressaare linn";;"J. Smuuli tn";;1;;22.485307;58.262219;;;;;;;;;;;2025-01-17T13:15:50.907+02:00
93801;"Kuressaare postkontor";1;EE;"Saare maakond";"Saaremaa vald";"Kuressaare linn";;"Tallinna tn";;19a;;22.490114;58.254609;"E,T,K,N,R 09:00-18:00 L,P SULETUD;Ligipääs ratastooliga";;;;;;;;;;2025-02-13T13:46:01.567+02:00
88886;"Kuršėnų MAXIMA Vilniaus g. paštomatas";0;LT;"Šiaulių apskr.";"Šiaulių r. sav.";"Kuršėnų m.";;"Vilniaus g.";;43;;22.949889;56.000459;;;;;;;;;;"Paštomatą rasite lauke prie sienos, dešinėje įėjimo į parduotuvę pusėje";2025-02-19T08:43:25.927+02:00
99599;"Kuršėnų NORFA Vytauto paštomatas";0;LT;"Šiaulių apskr.";"Šiaulių r. sav.";"Kuršėnų m.";;"Vytauto g.";;78;;22.952229;56.014142;;;;;;;;;;;2024-01-18T06:03:18.370+02:00
96108;"Kuusalu Coop Konsumi pakiautomaat";0;EE;"Harju maakond";"Kuusalu vald";"Kuusalu alevik";;"Kuusalu tee";;13;;25.441136;59.445371;;;;;;;;;;;2025-01-17T13:33:40.867+02:00
51099;"Kvartali keskuse postkontor";1;EE;"Tartu maakond";"Tartu linn";"Tartu linn";;"Riia tn";;2;;26.729174;58.377225;"E,T,K,N,R 09:00-19:00 L 09:00-15:00 P SULETUD;Ligipääs ratastooliga";;;;;;;;;;2025-03-10T08:58:09.143+02:00
55530;"Kybartų NORFA paštomatas";0;LT;"Marijampolės apskr.";"Vilkaviškio r. sav.";"Kybartų m.";;"Vištyčio g.";;40;;22.755781;54.630970;;;;;;;;;;"Paštomatą rasite lauke prie sienos, kairėje įėjimo į parduotuvę pusėje";2023-12-28T10:27:37.900+02:00
96156;"Käina Coop Konsumi pakiautomaat";0;EE;"Hiiu maakond";"Hiiumaa vald";"Käina alevik";;"Spordi tn";;9;;22.774117;58.831447;;;;;;;;;;;2025-01-08T11:27:15.750+02:00
92194;"Käina postipunkt";1;EE;"Hiiu maakond";"Hiiumaa vald";"Käina alevik";;"Spordi tn";;9;;22.773574;58.831404;"T,K,N,R 10:00-18:00 L 10:00-14:00 E,P SULETUD;Ligipääs ratastooliga";;;;;;;;;;2025-01-20T11:00:39.457+02:00
96046;"Kärdla Hiiu Coop Konsumi pakiautomaat";0;EE;"Hiiu maakond";"Hiiumaa vald";"Kärdla linn";;Keskväljak;;1;;22.747351;58.998589;;;;;;;;;;;2025-01-17T11:25:09.947+02:00
96210;"Kärdla Tormi Coop Konsumi pakiautomaat";0;EE;"Hiiu maakond";"Hiiumaa vald";"Kärdla linn";;"Heltermaa mnt";;14a;;22.754594;58.990186;;;;;;;;;;;2025-01-08T11:52:45.347+02:00
92401;"Kärdla postkontor";1;EE;"Hiiu maakond";"Hiiumaa vald";"Kärdla linn";;Keskväljak;;3;;22.747880;58.998633;"E,T,K,N,R 09:00-17:00 L,P SULETUD;Ligipääs ratastooliga";;;;;;;;;;2025-02-17T08:25:42.613+02:00
96276;"Kärla pakiautomaat";0;EE;"Saare maakond";"Saaremaa vald";"Kärla alevik";;"Pargi tn";;2;;22.255694;58.330862;;;;;;;;;;;2025-01-08T10:50:24.290+02:00
96247;"Kõmsi pakiautomaat";0;EE;"Pärnu maakond";"Lääneranna vald";"Kõmsi küla";;"Keskuse tee";;3;;23.632895;58.623624;;;;;;;;;;;2022-06-09T12:46:40.213+03:00
96288;"Kõpu pakiautomaat";0;EE;"Viljandi maakond";"Põhja-Sakala vald";"Kõpu alevik";;"Tipu tn";;6;;25.301519;58.327249;;;;;;;;;;;2025-01-08T10:55:23.473+02:00
96291;"Kõrgessaare Coop kaupluse pakiautomaat";0;EE;"Hiiu maakond";"Hiiumaa vald";"Kõrgessaare alevik";;"Tööstuse tee";;10;;22.471856;58.982049;;;;;;;;;;;2025-01-08T10:56:46.323+02:00
96169;"Kõrveküla Coop kaupluse pakiautomaat";0;EE;"Tartu maakond";"Tartu vald";"Kõrveküla alevik";;"Vasula tee";;4;;26.761527;58.419908;;;;;;;;;;;2025-01-30T15:07:10.093+02:00
96360;"Külitse Coop Konsumi pakiautomaat";0;EE;"Tartu maakond";"Kambja vald";"Külitse alevik";;"Kiigemäe tee";;2;;26.623681;58.321409;;;;;;;;;;;2025-01-09T15:31:48.503+02:00
9162;"Kārsavas TOP pakomāts";0;LV;"Ludzas novads";Kārsava;;;"Sporta iela";;6;;27.675295;56.786289;;;;;;;;;"Pie ieejas veikalā";;2024-06-21T11:02:32.150+03:00
99552;"Kėdainių Akademijos CAMELIA paštomatas";0;LT;"Kauno apskr.";"Kėdainių r. sav.";"Akademijos mstl.";;"Ruokio g.";;1;;23.860240;55.399194;;;;;;;;;;;2024-11-25T11:57:10.950+02:00
99526;"Kėdainių IKI Gegučių paštomatas";0;LT;"Kauno apskr.";"Kėdainių r. sav.";"Kėdainių m.";;"Gegučių g.";;13;;23.961766;55.283139;;;;;;;;;;;2025-03-17T09:43:31.660+02:00
99025;"Kėdainių IKI Tilto paštomatas";0;LT;"Kauno apskr.";"Kėdainių r. sav.";"Kėdainių m.";;"Tilto g.";;2;;23.980164;55.288848;;;;;;;;;;;2023-09-25T06:02:54.673+03:00
88861;"Kėdainių MAXIMA Basanavičiaus 93 paštomatas";0;LT;"Kauno apskr.";"Kėdainių r. sav.";"Kėdainių m.";;"J. Basanavičiaus g.";;93;;23.959059;55.277651;;;;;;;;;;"Paštomatą rasite lauke prie sienos, kairėje įėjimo į parduotuvę pusėje";2025-02-11T10:36:04.857+02:00
99929;"Kėdainių MAXIMA Chemikų paštomatas";0;LT;"Kauno apskr.";"Kėdainių r. sav.";"Kėdainių m.";;"Chemikų g.";;1A;;23.952119;55.281644;;;;;;;;;;;2024-02-29T06:03:28.050+02:00
77709;"Kėdainių MAXIMA Dariaus ir Girėno paštomatas";0;LT;"Kauno apskr.";"Kėdainių r. sav.";"Kėdainių m.";;"S. Dariaus ir S. Girėno g.";;50A;;23.978985;55.308590;;;;;;;;;;"Paštomatą rasite lauke prie sienos, dešinėje įėjimo į parduotuvę pusėje";2025-02-10T11:13:15.787+02:00
77770;"Kėdainių NORFA Basanavičiaus paštomatas";0;LT;"Kauno apskr.";"Kėdainių r. sav.";"Kėdainių m.";;"J. Basanavičiaus g.";;49;;23.974796;55.287902;;;;;;;;;;"Pašomatą rasite lauke prie sienos, dešinėje įėjimo į parduotuvę pusėje, už kampo";2025-03-24T10:59:51.100+02:00
99049;"Kėdainių Novočėbės MOKI-VEŽI paštomatas";0;LT;"Kauno apskr.";"Kėdainių r. sav.";"Novočėbės k.";;;;3;;23.942892;55.272899;;;;;;;;;;;2024-04-03T06:03:23.743+03:00
96067;"Laagri Coop Maksimarketi pakiautomaat";0;EE;"Harju maakond";"Saue vald";"Laagri alevik";;"Pärnu mnt";;558a;;24.614282;59.341743;;;;;;;;;;;2025-01-17T13:16:17.577+02:00
96381;"Laagri Veskitammi Maxima X pakiautomaat";0;EE;"Harju maakond";"Saue vald";"Laagri alevik";;"Veskitammi tn";;3;;24.611742;59.352053;;;;;;;;;;;2025-01-09T16:21:14.343+02:00
96200;"Laagri Veskitammi Selver ABC pakiautomaat";0;EE;"Harju maakond";"Saue vald";"Laagri alevik";;"Veskitammi tn";;10;;24.612414;59.351164;;;;;;;;;;;2025-01-08T11:46:49.307+02:00
76491;"Laagri postkontor";1;EE;"Harju maakond";"Saue vald";"Laagri alevik";;"Veskitammi tn";;10;;24.612169;59.351013;"E,T,K,N,R 10:00-18:00 L,P SULETUD;Ligipääs ratastooliga";;;;;;;;;;2025-03-07T20:17:39.740+02:00
96248;"Laekvere pakiautomaat";0;EE;"Lääne-Viru maakond";"Vinni vald";"Laekvere alevik";;"Salutaguse tee";;2;;26.559533;59.066968;;;;;;;;;;;2025-01-08T12:06:09.187+02:00
96340;"Laeva Spordihoone pakiautomaat";0;EE;"Tartu maakond";"Tartu vald";"Laeva küla";;"Aeru tee";;3;;26.378773;58.486634;;;;;;;;;;;2025-01-09T15:25:21.027+02:00
96183;"Lagedi Keskusehoone pakiautomaat";0;EE;"Harju maakond";"Rae vald";"Lagedi alevik";;"Kooli tn";;18b;;24.941774;59.402189;;;;;;;;;;;2025-01-08T11:38:57.980+02:00
9187;"Lapmežciema Citro pakomāts";0;LV;"Tukuma novads";"Lapmežciema pagasts";Lapmežciems;;;"Talsu šosejas 8 km";;;23.521805;56.993805;;;;;;;;;"Pa kreisi no ieejas";;2024-06-21T12:42:18.017+03:00
13801;"Lasnamäe Centrum postkontor";1;EE;"Harju maakond";Tallinn;"Lasnamäe linnaosa";;"Mustakivi tee";;13;;24.862649;59.440569;"E,T,K,N,R 10:00-20:00 L 10:00-16:00 P SULETUD;Ligipääs ratastooliga";;;;;;;;;;2025-02-13T13:47:32.307+02:00
96385;"Lasva Coop kaupluse pakiautomaat";0;EE;"Võru maakond";"Võru vald";"Lasva küla";;"Pässä põik";;6;;27.176857;57.863351;;;;;;;;;;;2025-01-09T16:22:22.507+02:00
96245;"Laulasmaa Selver ABC pakiautomaat";0;EE;"Harju maakond";"Lääne-Harju vald";"Laulasmaa küla";;"Kloogaranna tee";;26;;24.238719;59.378697;;;;;;;;;;;2025-01-15T12:32:03.173+02:00
96261;"Lavassaare pakiautomaat";0;EE;"Pärnu maakond";"Pärnu linn";"Lavassaare alev";;"Võidu tn";;2;;24.370870;58.513380;;;;;;;;;;;2025-01-08T12:10:04.767+02:00
88807;"Lazdijų AIBĖ paštomatas";0;LT;"Alytaus apskr.";"Lazdijų r. sav.";"Lazdijų m.";;"Seinų g.";;8;;23.515247;54.233019;;;;;;;;;;"Paštomatą rasite lauke, prie sienos kairėje įėjimo į prekybos centrą pusėje";2023-12-28T09:50:40.340+02:00
96274;"Leisi pakiautomaat";0;EE;"Saare maakond";"Saaremaa vald";"Leisi alevik";;"Mustjala mnt";;5;;22.682051;58.571727;;;;;;;;;;;2025-01-08T12:13:35.393+02:00
94294;"Leisi postipunkt";1;EE;"Saare maakond";"Saaremaa vald";"Leisi alevik";;"Mustjala mnt";;3;;22.682615;58.571355;"K,R 10:00-16:00 L 10:00-14:00 E,T,N,P SULETUD;Ligipääs ratastooliga";;;;;;;;;;2025-01-13T14:04:12.480+02:00
77731;"Lentvario IKI paštomatas";0;LT;"Vilniaus apskr.";"Trakų r. sav.";"Lentvario m.";;"Geležinkelio g.";;38;;25.046643;54.644196;;;;;;;;;;"Paštomatą rasite lauke prie sienos, dešinėje įėjimo į parduotuvę pusėje";2024-10-17T10:05:03.413+03:00
99959;"Lentvario MAXIMA Vytauto paštomatas";0;LT;"Vilniaus apskr.";"Trakų r. sav.";"Lentvario m.";;"Vytauto g.";;4C;;25.046440;54.654766;;;;;;;;;;;2024-10-14T07:39:57.617+03:00
44495;"Lepna postipunkt (Raamatukogu)";1;EE;"Lääne-Viru maakond";"Rakvere vald";"Lepna alevik";;"Lasteaia tn";;4;;26.290222;59.332411;"E,T,N,R 10:30-17:30 K 12:30-18:30 L,P SULETUD";;;;;;;;;;2025-03-28T13:21:05.487+02:00
96334;"Leppneeme sadama pakiautomaat";0;EE;"Harju maakond";"Viimsi vald";"Leppneeme küla";;"Leppneeme Sadama tee";;;;24.867636;59.550580;;;;;;;;;;;2025-01-09T15:23:23.243+02:00
9124;"Lielvārdes TOP pakomāts";0;LV;"Ogres novads";Lielvārde;;;"Lāčplēša iela";;16;;24.810630;56.717746;;;;;;;;;"Pa kreisi no ieejas";;2025-01-09T09:11:12.107+02:00
9590;"Liepas TOP pakomāts";0;LV;"Cēsu novads";"Liepas pagasts";Liepa;;"Rūpnīcas iela";;8A;;25.419627;57.388222;;;;;;;;;"Pa kreisi no ieejas
";;2024-02-03T06:03:37.320+02:00
9206;"Liepājas Ganību ielas ELVI pakomāts";0;LV;Liepāja;;;;"Ganību iela";;69/71;;21.019120;56.502580;;;;;;;;;"Pa kreisi no ieejas";;2025-01-03T15:14:05.833+02:00
9108;"Liepājas Ganību ielas JYSK pakomāts";0;LV;Liepāja;;;;"Ganību iela";;187;;21.016227;56.484130;;;;;;;;;"Pie veikala fasādes, tramvaja sliežu pusē";;2024-12-17T14:31:51.830+02:00
9611;"Liepājas Krūmu ielas MEGO pakomāts";0;LV;Liepāja;;;;"Krūmu iela";;45/47;;21.011218;56.532405;;;;;;;;;;;2025-01-29T14:13:43.947+02:00
9539;"Liepājas Kuršu laukuma 10 pakomāts";0;LV;Liepāja;;;;"Kuršu laukums";;10;;21.010735;56.504995;;;;;;;;;"Pa kreisi no ieejas
";;2025-01-03T15:19:20.747+02:00
9242;"Liepājas O. Kalpaka ielas 74 pakomāts";0;LV;Liepāja;;;;"Oskara Kalpaka iela";;74;;21.003556;56.533543;;;;;;;;;"Pa labi no ieejas
";;2025-01-03T15:04:24.400+02:00
9237;"Liepājas P. Brieža ielas 14 TOP pakomāts";0;LV;Liepāja;;;;"Pulkveža Brieža iela";;14;;21.016450;56.553260;;;;;;;;;"Pa labi no ieejas, autostāvvietas pusē
";;2024-06-25T09:13:18.940+03:00
9926;"Liepājas Rožu laukuma pakomāts";0;LV;Liepāja;;;;"Lielā iela";;13;;21.010697;56.507489;;;;;;;;;"Pa kreisi no ieejas, autostāvvietas pusē";;2024-12-17T14:45:20.467+02:00
9554;"Liepājas Sila ielas TOP pakomāts";0;LV;Liepāja;;;;"Sila iela";;3;;21.042389;56.553992;;;;;;;;;"Pa labi aiz stūra
";;2025-01-09T09:09:51.083+02:00
9917;"Liepājas T/C Baata pakomāts";0;LV;Liepāja;;;;"Klaipēdas iela";;104C;;21.004957;56.486786;;;;;;;;;"Blakus T/C ieejai no stāvlaukuma puses";;2025-01-03T15:18:08.970+02:00
9966;"Liepājas T/C Rietumu centrs pakomāts";0;LV;Liepāja;;;;"Jaunā ostmala";;3/5;;21.018219;56.515010;;;;;;;;;"Pa kreisi no T/C Centrālās ieejas";;2025-01-09T09:10:16.550+02:00
9938;"Liepājas Ziemeļu ielas RIMI pakomāts";0;LV;Liepāja;;;;"Ziemeļu iela";;13;;21.012732;56.535186;;;;;;;;;"Pa labi no ieejas";;2025-01-09T09:10:03.103+02:00
96119;"Lihula Coop Konsumi pakiautomaat";0;EE;"Pärnu maakond";"Lääneranna vald";"Lihula linn";;"Tallinna mnt";;12;;23.834367;58.688219;;;;;;;;;;;2025-01-17T13:47:35.883+02:00
90394;"Lihula postipunkt (raamatukogu)";1;EE;"Pärnu maakond";"Lääneranna vald";"Lihula linn";;"Tallinna mnt";;25;;23.834562;58.687289;"T,K,N,R 11:00-15:00 E,L,P SULETUD;Ligipääs ratastooliga";;;;;;;;;;2025-03-20T08:56:35.337+02:00
96161;"Liiva Coop Konsumi pakiautomaat";0;EE;"Saare maakond";"Muhu vald";"Liiva küla";;;Kaupluse;;;23.231251;58.605894;;;;;;;;;;;2025-01-08T11:31:16.223+02:00
9299;"Limbažu Pasta ielas pakomāts";0;LV;"Limbažu novads";Limbaži;;;"Pasta iela";;1;;24.717183;57.511824;;;;;;;;;"Pa kreisi no ieejas
";;2024-12-17T14:46:38.683+02:00
9942;"Limbažu RIMI pakomāts";0;LV;"Limbažu novads";Limbaži;;;"Cēsu iela";;23;;24.721371;57.513113;;;;;;;;;"Blakus T/C centrālajai ieejai";;2024-03-19T15:59:16.207+02:00
99520;"Linkuvos KOOPS paštomatas";0;LT;"Šiaulių apskr.";"Pakruojo r. sav.";"Linkuvos m.";;"Varpo g.";;10;;23.973555;56.084921;;;;;;;;;;;2024-11-25T13:07:39.257+02:00
91092;"Linnamäe postipunkt";1;EE;"Lääne maakond";"Lääne-Nigula vald";"Linnamäe küla";;"Hansuküla tee";;2/1;;23.718437;58.995820;"E,K 09:00-17:00 T,N 12:00-19:00 R,L,P SULETUD;Ligipääs ratastooliga";;;;;;;;;;2025-03-21T14:18:33.467+02:00
96337;"Lohkva Spordihoone pakiautomaat";0;EE;"Tartu maakond";"Luunja vald";"Lohkva küla";;"Kabina tee";;14;;26.798648;58.367265;;;;;;;;;;;2025-01-30T15:06:36.677+02:00
96134;"Loksa Grossi pakiautomaat";0;EE;"Harju maakond";"Loksa linn";;;"Rohuaia tn";;6;;25.727932;59.579123;;;;;;;;;;;2025-01-17T13:49:02.427+02:00
74895;"Loksa postipunkt";1;EE;"Harju maakond";"Loksa linn";;;"Papli tn";;2;;25.721537;59.582049;"T,K,N,R 10:00-16:00 L 10:00-13:00 E,P SULETUD;Ligipääs ratastooliga";;;;;;;;;;2025-03-11T15:06:17.727+02:00
96171;"Loo Grossi pakiautomaat";0;EE;"Harju maakond";"Jõelähtme vald";"Loo alevik";;"Saha tee";;9;;24.947091;59.434622;;;;;;;;;;;2025-01-08T11:34:42.020+02:00
9217;"Lubānas O. Kalpaka ielas Vesko pakomāts";0;LV;"Madonas novads";Lubāna;;;"Oskara Kalpaka iela";;5;;26.721946;56.901923;;;;;;;;;"Pa kreisi no ieejas";;2024-06-21T13:54:24.817+03:00
9985;"Ludzas Stacijas ielas 30 pakomāts";0;LV;"Ludzas novads";Ludza;;;"Stacijas iela";;30;;27.720915;56.544343;;;;;;;;;"Pa labi no T/C Centrālās ieejas";;2024-06-26T16:17:11.743+03:00
96379;"Luige Keskuse pakiautomaat";0;EE;"Harju maakond";"Kiili vald";"Luige alevik";;"Viljandi mnt";;168;;24.767017;59.325367;;;;;;;;;;;2025-01-09T16:20:36.580+02:00
96271;"Luunja pakiautomaat";0;EE;"Tartu maakond";"Luunja vald";"Luunja alevik";;"Puiestee tn";;4;;26.882517;58.356190;;;;;;;;;;;2025-01-08T12:12:56.387+02:00
96354;"Lähte pakiautomaat";0;EE;"Tartu maakond";"Tartu vald";"Lähte alevik";;"Poe tn";;4/3;;26.682318;58.492892;;;;;;;;;;;2025-01-09T15:29:47.630+02:00
96265;"Lõpe pakiautomaat";0;EE;"Pärnu maakond";"Lääneranna vald";"Lõpe küla";;;Klubi;1;;23.986842;58.571228;;;;;;;;;;;2025-01-08T12:11:31.790+02:00
96353;"Lüllemäe pakiautomaat";0;EE;"Valga maakond";"Valga vald";"Lüllemäe küla";;"Kirikumõisa tee";;1;;26.371640;57.750700;;;;;;;;;;;2025-01-09T15:29:26.440+02:00
96281;"Lümanda pakiautomaat";0;EE;"Saare maakond";"Saaremaa vald";"Lümanda küla";;;Keskusehoone;;;22.024756;58.285730;;;;;;;;;;;2025-01-08T10:52:03.347+02:00
9983;"Līvānu Rimi pakomāts";0;LV;"Līvānu novads";Līvāni;;;"Rīgas iela";;89;;26.174534;56.354633;;;;;;;;;"Pa kreisi no T/C Centrālās ieejas";;2024-06-26T16:16:28.587+03:00
96394;"Maardu Grossi pakiautomaat";0;EE;"Harju maakond";"Maardu linn";;;"Keemikute tn";;41;;25.017164;59.484256;;;;;;;;;;;2025-01-09T16:26:21.693+02:00
96300;"Maardu Maxima X pakiautomaat";0;EE;"Harju maakond";"Maardu linn";;;"Keemikute tn";;37;;25.017543;59.482790;;;;;;;;;;;2025-01-08T15:18:36.633+02:00
96081;"Maardu Maxima XX pakiautomaat";0;EE;"Harju maakond";"Maardu linn";;;"Keemikute tn";;2;;25.019637;59.473515;;;;;;;;;;;2025-01-17T11:20:28.210+02:00
96130;"Maardu Pärli Keskuse pakiautomaat";0;EE;"Harju maakond";"Maardu linn";;;"Nurga tn";;3;;25.017923;59.486818;;;;;;;;;;;2025-01-17T13:49:51.567+02:00
74101;"Maardu postkontor";1;EE;"Harju maakond";"Maardu linn";;;"Keemikute tn";;2;;25.020100;59.473616;"E,T,K,N,R 10:00-19:00 L,P SULETUD;Ligipääs ratastooliga";;;;;;;;;;2025-02-13T13:47:53.347+02:00
9186;"Madlienas ELVI pakomāts";0;LV;"Ogres novads";"Madlienas pagasts";Madliena;;;"Tirdzniecības centrs";;1;25.156732;56.846573;;;;;;;;;"Pa labi no ieejas";;2024-06-21T12:41:01.453+03:00
9297;"Madonas Raiņa ielas 34 pakomāts";0;LV;"Madonas novads";Madona;;;"Raiņa iela";;34;;26.209518;56.856582;;;;;;;;;"Pa labi no ieejas
";;2023-09-29T11:21:34.137+03:00
9944;"Madonas Rūpniecības ielas MINI RIMI pakomāts (ILGĀKA PIEGĀDE)";0;LV;"Madonas novads";Madona;;;"Rūpniecības iela";;47;;26.226681;56.860627;;;;;;;;;"Blakus T/C centrālajai ieejai";;2025-01-03T15:02:04.280+02:00
9195;"Madonas Saules ielas 4 pakomāts";0;LV;"Madonas novads";Madona;;;"Saules iela";;4;;26.220383;56.851163;;;;;;;;;"Pa kreisi no ieejas";;2024-06-21T12:48:46.323+03:00
77798;"Maišiagalos MAXIMA paštomatas";0;LT;"Vilniaus apskr.";"Vilniaus r. sav.";"Maišiagalos mstl.";;"Mokyklos g.";;3;;25.064253;54.870770;;;;;;;;;;"Paštomatą rasite lauke prie sienos, dešinėje įėjimo į parduotuvę pusėje";2024-03-24T06:03:36.377+02:00
9293;"Maltas Lats pakomāts";0;LV;"Rēzeknes novads";"Maltas pagasts";Malta;;"1. maija iela";;44;;27.159687;56.343923;;;;;;;;;"Pa kreisi no ieejas
";;2023-09-29T11:29:47.420+03:00
55532;"Marijampolės IKI Vilkaviškio g. paštomatas";0;LT;"Marijampolės apskr.";"Marijampolės sav.";"Marijampolės m.";;"Vilkaviškio g.";;72;;23.332504;54.563469;;;;;;;;;;"Paštomatą rasite lauke prie šoninės sienos, kairėje įėjimo į parduotuvę pusėje, už kampo";2023-12-28T10:28:41.683+02:00
55533;"Marijampolės IKI Vytauto paštomatas";0;LT;"Marijampolės apskr.";"Marijampolės sav.";"Marijampolės m.";;"Vytauto g.";;48A;;23.345657;54.545745;;;;;;;;;;"Paštomatą rasite lauke prie šoninės sienos, kairėje įėjimo į parduotuvę pusėje, už kampo";2023-12-28T10:29:19.543+02:00
99579;"Marijampolės LIDL Palangos paštomatas";0;LT;"Marijampolės apskr.";"Marijampolės sav.";"Marijampolės m.";;"Palangos g.";;22;;23.348740;54.567259;;;;;;;;;;;2025-02-21T09:35:04.970+02:00
99564;"Marijampolės LIDL Žemaitės paštomatas";0;LT;"Marijampolės apskr.";"Marijampolės sav.";"Marijampolės m.";;"Žemaitės g.";;22;;23.355357;54.556979;;;;;;;;;;;2025-01-22T09:06:24.743+02:00
88899;"Marijampolės MAXIMA Bažnyčios paštomatas";0;LT;"Marijampolės apskr.";"Marijampolės sav.";"Marijampolės m.";;"Bažnyčios g.";;38;;23.346449;54.556047;;;;;;;;;;"Paštomatą rasite lauke prie sienos, iš Laisvės g. pusės";2023-12-15T06:03:23.807+02:00
99926;"Marijampolės MAXIMA Sporto paštomatas";0;LT;"Marijampolės apskr.";"Marijampolės sav.";"Marijampolės m.";;"Sporto g.";;16;;23.365787;54.567296;;;;;;;;;;;2025-02-24T07:55:05.540+02:00
99044;"Marijampolės Mokolų GULBELĖ paštomatas";0;LT;"Marijampolės apskr.";"Marijampolės sav.";"Marijampolės m.";;"Mokolų g.";;23;;23.342345;54.563388;;;;;;;;;;;2023-10-24T06:03:04.593+03:00
88856;"Marijampolės PC ARENA paštomatas";0;LT;"Marijampolės apskr.";"Marijampolės sav.";"Marijampolės m.";;"Dariaus ir Girėno g.";;3A;;23.354530;54.560951;;;;;;;;;;"Paštomatą rasite lauke prie sienos, kairėje įėjimo į JYSK pusėje";2025-01-22T12:58:00.260+02:00
99925;"Marijampolės PC GARNYS paštomatas";0;LT;"Marijampolės apskr.";"Marijampolės sav.";"Marijampolės m.";;"Gedimino g.";;96;;23.373423;54.553426;;;;;;;;;;;2024-11-06T07:36:48.650+02:00
99580;"Marijampolės VC G76 paštomatas";0;LT;"Marijampolės apskr.";"Marijampolės sav.";"Marijampolės m.";;"Gedimino g.";;76;;23.369100;54.554032;;;;;;;;;;;2024-11-28T16:24:50.147+02:00
90694;"Martna postipunkt (raamatukogu)";1;EE;"Lääne maakond";"Lääne-Nigula vald";"Martna küla";;;;;;23.802975;58.856442;"E 09:30-16:00 K 10:00-16:30 R 10:00-15:00 T,N,L,P SULETUD;Ligipääs ratastooliga";;;;;;;;;;2025-02-19T15:30:33.460+02:00
99035;"Mastaičių AIBĖ paštomatas";0;LT;"Kauno apskr.";"Kauno r. sav.";"Mastaičių k.";;"Mokslo g.";;11;;23.841307;54.823167;;;;;;;;;;;2024-02-27T09:55:20.847+02:00
9298;"Mazsalacas pakomāts";0;LV;"Valmieras novads";Mazsalaca;;;"Parka iela";;1;;25.054083;57.860288;;;;;;;;;"Pa kreisi no ieejas veikalā
";;2024-06-25T14:36:45.997+03:00
99029;"Mažeikių GRŪSTĖ Naftininkų paštomatas";0;LT;"Telšių apskr.";"Mažeikių r. sav.";"Mažeikių m.";;"Naftininkų g.";;38;;22.337296;56.304291;;;;;;;;;;;2025-03-13T14:53:17.523+02:00
77711;"Mažeikių IKI Ventos paštomatas";0;LT;"Telšių apskr.";"Mažeikių r. sav.";"Mažeikių m.";;"Ventos g.";;10B;;22.324128;56.308725;;;;;;;;;;"Paštomatą rasite lauke prie šoninės sienos, dešinėje įėjimo į parduotuvę pusėje, už kampo";2024-01-19T06:03:20.470+02:00
99598;"Mažeikių LIDL paštomatas";0;LT;"Telšių apskr.";"Mažeikių r. sav.";"Mažeikių m.";;"M. Daukšos g.";;24A;;22.349473;56.304840;;;;;;;;;;;2024-11-28T16:29:41.010+02:00
55585;"Mažeikių MAXIMA Laisvės paštomatas";0;LT;"Telšių apskr.";"Mažeikių r. sav.";"Mažeikių m.";;"Laisvės g.";;56;;22.340442;56.317254;;;;;;;;;;"Paštomatą rasite lauke prie sienos, dešinėje įėjimo į parduotuvę pusėje";2024-01-19T06:03:20.687+02:00
99060;"Mažeikių MONETA 11 paštomatas";0;LT;"Telšių apskr.";"Mažeikių r. sav.";"Mažeikių m.";;"M. Daukšos g.";;26;;22.348539;56.303660;;;;;;;;;;;2022-12-02T15:34:21.207+02:00
88857;"Mažeikių PC EIFELIS paštomatas";0;LT;"Telšių apskr.";"Mažeikių r. sav.";"Mažeikių m.";;"Žemaitijos g.";;72;;22.353653;56.299740;;;;;;;;;;"Paštomatą rasite lauke prie sienos, kairėje įėjimo į NORFA pusėje";2021-12-30T09:23:09.823+02:00
55586;"Mažeikių RIMI paštomatas";0;LT;"Telšių apskr.";"Mažeikių r. sav.";"Mažeikių m.";;"Žemaitijos g.";;38;;22.340116;56.302722;;;;;;;;;;"Paštomatą rasite lauke prie sienos, kairėje įėjimo į parduotuvę pusėje";2023-12-29T09:19:26.313+02:00
9283;"Medemciema pakomāts";0;LV;"Olaines novads";"Olaines pagasts";Medemciems;;"Medemciema iela";;1;;24.064775;56.857396;;;;;;;;;"Pa kreisi no ieejas veikalā
";;2024-06-25T14:27:05.907+03:00
96283;"Melliste pakiautomaat";0;EE;"Tartu maakond";"Kastre vald";"Melliste küla";;"Tartu mnt";;8;;26.980065;58.329938;;;;;;;;;;;2025-01-08T10:53:18.853+02:00
99595;"Molėtų LIDL paštomatas";0;LT;"Utenos apskr.";"Molėtų r. sav.";"Paluokesos k.";;"Aplinkkelio g.";;163B;;25.434993;55.220899;;;;;;;;;;;2024-11-28T16:30:21.253+02:00
99960;"Molėtų MAXIMA Sakalo paštomatas";0;LT;"Utenos apskr.";"Molėtų r. sav.";"Molėtų m.";;"Sakalo g.";;1;;25.434775;55.221981;;;;;;;;;;;2024-02-15T10:36:58.887+02:00
77712;"Molėtų NORFA paštomatas";0;LT;"Utenos apskr.";"Molėtų r. sav.";"Molėtų m.";;"Vilniaus g.";;99;;25.405169;55.224741;;;;;;;;;;"Paštomatą rasite lauke prie sienos, dešinėje įėjimo į parduotuvę pusėje";2024-02-15T10:37:21.983+02:00
96370;"Mooste pakiautomaat";0;EE;"Põlva maakond";"Põlva vald";"Mooste alevik";;"Lasteaia tee";;3;;27.186558;58.156826;;;;;;;;;;;2025-01-09T16:16:52.643+02:00
96239;"Muraste Coop Konsumi pakiautomaat";0;EE;"Harju maakond";"Harku vald";"Muraste küla";;"Lee tee";;1;;24.443563;59.454815;;;;;;;;;;;2025-03-05T14:42:01.397+02:00
12701;"Mustika postkontor";1;EE;"Harju maakond";Tallinn;"Mustamäe linnaosa";;"Karjavälja tn";;4;;24.681539;59.410937;"E,T,K,N,R 10:00-20:00 L 10:00-16:00 P SULETUD;Ligipääs ratastooliga";;;;;;;;;;2025-02-25T15:46:30.010+02:00
93694;"Mustjala postipunkt";1;EE;"Saare maakond";"Saaremaa vald";"Mustjala küla";;"Kooli tn";;1;;22.232604;58.463174;"E 09:00-17:00 T,K,N 08:00-16:00 R 08:00-14:00 L,P SULETUD;Ligipääs ratastooliga";;;;;;;;;;2025-03-25T12:25:40.893+02:00
96292;"Mustla Coop Konsumi pakiautomaat";0;EE;"Viljandi maakond";"Viljandi vald";"Mustla alevik";;"Posti tn";;52a;;25.865386;58.235068;;;;;;;;;;;2025-01-08T10:57:09.487+02:00
69794;"Mustla postipunkt";1;EE;"Viljandi maakond";"Viljandi vald";"Mustla alevik";;"Posti tn";;52b;;25.866224;58.234933;"E,K,N,R 09:00-17:00 T 09:00-18:00 L 09:00-14:00 P SULETUD;Ligipääs ratastooliga";;;;;;;;;;2025-02-11T16:25:45.973+02:00
96163;"Mustvee Coop Konsumi pakiautomaat";0;EE;"Jõgeva maakond";"Mustvee vald";"Mustvee linn";;"Tartu tn";;3;;26.944813;58.847951;;;;;;;;;;;2025-01-08T11:32:11.467+02:00
49694;"Mustvee postipunkt";1;EE;"Jõgeva maakond";"Mustvee vald";"Mustvee linn";;"Tartu tn";;12;;26.943658;58.847078;"E,T,K,R 10:00-14:00 N 14:00-18:00 L,P SULETUD";;;;;;;;;;2025-03-20T08:56:56.197+02:00
96228;"Muuga Maxima X pakiautomaat";0;EE;"Harju maakond";"Maardu linn";;;"Altmetsa tee";;1;;24.916136;59.474046;;;;;;;;;;;2025-01-08T11:58:17.517+02:00
96344;"Mäetaguse bussijaama pakiautomaat";0;EE;"Ida-Viru maakond";"Alutaguse vald";"Mäetaguse alevik";;"Kooli tn";;7;;27.295832;59.224522;;;;;;;;;;;2025-01-09T15:26:38.583+02:00
96338;"Märja Coop Konsumi pakiautomaat";0;EE;"Tartu maakond";"Tartu linn";"Märja alevik";;"Aisa tn";;2;;26.651086;58.360640;;;;;;;;;;;2025-01-09T15:24:42.457+02:00
96051;"Märjamaa Maxima X pakiautomaat";0;EE;"Rapla maakond";"Märjamaa vald";"Märjamaa alev";;"Kasti tee";;1;;24.433812;58.909802;;;;;;;;;;;2025-01-17T13:10:45.520+02:00
96343;"Mõisaküla Coop kaupluse pakiautomaat";0;EE;"Viljandi maakond";"Mulgi vald";"Mõisaküla linn";;"Kesk tn";;8;;25.184947;58.092268;;;;;;;;;;;2025-02-28T14:29:41.623+02:00
96378;"Mõniste pakiautomaat";0;EE;"Võru maakond";"Rõuge vald";"Mõniste küla";;;Mendise;;;26.608493;57.613414;;;;;;;;;;;2025-01-09T16:19:43.460+02:00
9145;"Mālpils Pirts ielas TOP pakomāts";0;LV;"Siguldas novads";"Mālpils pagasts";Mālpils;;"Pirts iela";;5;;24.959486;57.011273;;;;;;;;;"Pa labi no ieejas";;2024-06-21T10:18:02.557+03:00
9603;"Mārupes Daugavas ielas 36 ELVI pakomāts";0;LV;"Mārupes novads";Mārupe;;;"Daugavas iela";;36;;24.036609;56.898530;;;;;;;;;"Pa labi no ieejas
";;2024-12-17T11:44:46.343+02:00
9292;"Mārupes Dzirnieku ielas 24 pakomāts";0;LV;"Mārupes novads";"Mārupes pagasts";Mārupe;;"Dzirnieku iela";;24;;23.989176;56.917244;;;;;;;;;"pa kreisi iebraucot teritorijā
";;2025-02-11T11:37:48.007+02:00
9527;"Mārupes Lielās ielas ELVI pakomāts";0;LV;"Mārupes novads";Mārupe;;;"Lielā iela";;26;;24.029439;56.919723;;;;;;;;;"Pa labi no ieejas aiz stūra
";;2025-01-03T15:25:50.630+02:00
9967;"Mārupes RIMI pakomāts";0;LV;"Mārupes novads";Mārupe;;;"Daugavas iela";;31;;24.054944;56.904306;;;;;;;;;"pa kreisi no T/C Centrālās ieejas";;2024-12-17T14:44:58.453+02:00
9229;"Mārupes Rožu ielas 2 pakomāts";0;LV;"Mārupes novads";"Mārupes pagasts";Mārupe;;"Rožu iela";;2;;24.045503;56.895082;;;;;;;;;"Pa labi no ieejas veikalā
";;2025-01-03T15:26:15.117+02:00
9263;"Mērsraga Citro pakomāts";0;LV;"Talsu novads";"Mērsraga pagasts";Mērsrags;;"Lielā iela";;31;;23.122946;57.336871;;;;;;;;;"Pa kreisi no ieejas veikalā
";;2024-06-25T10:09:42.927+03:00
96028;"Narva Astri Keskuse pakiautomaat";0;EE;"Ida-Viru maakond";"Narva linn";;;"Tallinna mnt";;41;;28.174814;59.381171;;;;;;;;;;;2025-01-17T11:19:14.437+02:00
96072;"Narva Fama keskuse pakiautomaat";0;EE;"Ida-Viru maakond";"Narva linn";;;"Fama tn";;10;;28.187516;59.379390;;;;;;;;;;;2025-01-17T11:13:47.100+02:00
96375;"Narva Kangelaste Lidl pakiautomaat";0;EE;"Ida-Viru maakond";"Narva linn";;;"Kangelaste prospekt";;37a;;28.175859;59.389175;;;;;;;;;;;2025-01-09T16:17:53.360+02:00
96218;"Narva Kerese keskuse pakiautomaat";0;EE;"Ida-Viru maakond";"Narva linn";;;"P. Kerese tn";;3;;28.192348;59.375840;;;;;;;;;;;2025-01-08T11:54:57.090+02:00
96091;"Narva Kreenholmi Maxima XX pakiautomaat";0;EE;"Ida-Viru maakond";"Narva linn";;;"Kreenholmi tn";;52;;28.187441;59.364202;;;;;;;;;;;2025-01-17T11:38:53.663+02:00
96217;"Narva Megamarketi pakiautomaat";0;EE;"Ida-Viru maakond";"Narva linn";;;"Rakvere tn";;71;;28.183605;59.386067;;;;;;;;;;;2025-01-08T11:54:43.403+02:00
96390;"Narva Optimus Mööbli pakiautomaat";0;EE;"Ida-Viru maakond";"Narva linn";;;"Kreenholmi tn";;50;;28.187073;59.365783;;;;;;;;;;;2025-01-09T16:23:40.997+02:00
96125;"Narva Prisma pakiautomaat";0;EE;"Ida-Viru maakond";"Narva linn";;;"Kangelaste prospekt";;29;;28.178001;59.386877;;;;;;;;;;;2025-01-17T13:49:21.513+02:00
96182;"Narva Soldina Maxima XX pakiautomaat";0;EE;"Ida-Viru maakond";"Narva linn";;;"Soldina tn";;20;;28.165240;59.380655;;;;;;;;;;;2025-01-08T11:38:42.253+02:00
29094;"Narva-Jõesuu postipunkt";1;EE;"Ida-Viru maakond";"Narva-Jõesuu linn";"Narva-Jõesuu linn";;"Kesk tn";;3;;28.041597;59.459856;"T,K,N,R 11:00-14:00, 15:00-19:00 L 10:00-16:00 E,P SULETUD";;;;;;;;;;2025-02-25T15:46:46.320+02:00
96326;"Narva-Jõesuu raamatukogu pakiautomaat";0;EE;"Ida-Viru maakond";"Narva-Jõesuu linn";"Narva-Jõesuu linn";;"Kesk tn";;3;;28.042054;59.459830;;;;;;;;;;;2025-01-09T15:19:56.333+02:00
88808;"Naujosios Akmenės ELIMART paštomatas";0;LT;"Šiaulių apskr.";"Akmenės r. sav.";"Naujosios Akmenės m.";;"V. Kudirkos g.";;29;;22.884448;56.319833;;;;;;;;;;"Paštomatą rasite lauke prie šoninės sienos, kairėje įėjimo į parduotuvę, už kampo ";2023-12-28T09:49:38.093+02:00
99519;"Naujosios Akmenės MAXIMA paštomatas";0;LT;"Šiaulių apskr.";"Akmenės r. sav.";"Naujosios Akmenės m.";;"V. Kudirkos g.";;18;;22.884298;56.317757;;;;;;;;;;;2024-11-25T13:07:58.943+02:00
9561;"Naukšēnu Lats pakomāts";0;LV;"Valmieras novads";"Naukšēnu pagasts";Naukšēni;;;Ievulīči;;;25.453044;57.883623;;;;;;;;;"Pa labi no ieejas
";;2023-09-29T11:57:41.070+03:00
77799;"Nemenčinės AIBĖ Švenčionių g. paštomatas";0;LT;"Vilniaus apskr.";"Vilniaus r. sav.";"Nemenčinės m.";;"Švenčionių g.";;72;;25.470759;54.850996;;;;;;;;;;"Paštomatą rasite lauke prie sienos, kairėje įėjimo į parduotuvę pusėje";2024-03-22T06:03:48.293+02:00
99581;"Nemenčinės LIDL paštomatas";0;LT;"Vilniaus apskr.";"Vilniaus r. sav.";"Nemenčinės m.";;"Vilniaus g.";;42;;25.468792;54.841028;;;;;;;;;;;2024-11-28T16:27:29.527+02:00
99971;"Nemenčinės NORFA paštomatas";0;LT;"Vilniaus apskr.";"Vilniaus r. sav.";"Nemenčinės m.";;"Vilijos g.";;2;;25.459813;54.844596;;;;;;;;;;;2024-01-02T09:11:16.107+02:00
99062;"Nemėžio AIBĖ paštomatas";0;LT;"Vilniaus apskr.";"Vilniaus r. sav.";"Nemėžio k.";;"V. Sirokomlės g.";;19;;25.354831;54.637026;;;;;;;;;;;2024-03-24T06:03:36.600+02:00
9214;"Neretas TOP pakomāts";0;LV;"Aizkraukles novads";"Neretas pagasts";Nereta;;"Raiņa iela";;6;;25.307618;56.204234;;;;;;;;;"Pa kreisi no ieejas";;2023-09-29T11:27:34.467+03:00
55561;"Nidos Naglių paštomatas";0;LT;"Klaipėdos apskr.";"Neringos sav.";"Neringos m.";;"Naglių g.";;18;;21.007735;55.303692;;;;;;;;;;"Paštomatą rasite lauke prie sienos, dešinėje įėjimo į pastatą pusėje";2023-12-29T09:11:34.483+02:00
96152;"Nõo vallamaja pakiautomaat";0;EE;"Tartu maakond";"Nõo vald";"Nõo alevik";;"Voika tn";;23;;26.521202;58.272562;;;;;;;;;;;2025-01-08T10:59:10.687+02:00
96295;"Nõva pakiautomaat";0;EE;"Lääne maakond";"Lääne-Nigula vald";"Nõva küla";;;Kooli;;;23.678133;59.221515;;;;;;;;;;;2024-07-08T10:23:35.037+03:00
9236;"Nīcas Lats pakomāts";0;LV;"Dienvidkurzemes novads";"Nīcas pagasts";Nīca;;"Skolas iela";;6;;21.066377;56.346033;;;;;;;;;"Pa kreisi no ieejas
";;2024-06-25T09:09:09.340+03:00
65394;"Obinitsa postipunkt (raamatukogu)";1;EE;"Võru maakond";"Setomaa vald";"Obinitsa küla";;"Kooli tn";;1;;27.445775;57.811834;"E,K,R 09:30-15:00 T,N 09:30-17:30 L,P SULETUD";;;;;;;;;;2025-03-06T09:54:49.487+02:00
9583;"Ogres Brīvības ielas 19 pakomāts";0;LV;"Ogres novads";Ogre;;;"Brīvības iela";;19;;24.604945;56.817812;;;;;;;;;"Pa labi no ieejas
";;2024-06-26T09:49:06.740+03:00
9510;"Ogres Kartona fabrikas pakomāts";0;LV;"Ogres novads";Ogre;;;"Brīvības iela";;116;;24.647074;56.813953;;;;;;;;;"Pa kreisi no ieejas
";;2024-06-25T14:46:19.913+03:00
9559;"Ogres Mālkalnes prospekta 3 pakomāts";0;LV;"Ogres novads";Ogre;;;"Mālkalnes prospekts";;3;;24.595071;56.821954;;;;;;;;;"Pa kreisi no ieejas
";;2023-09-29T15:04:49.537+03:00
9133;"Ogres Rīgas ielas RIMI pakomāts";0;LV;"Ogres novads";Ogre;;;"Rīgas iela";;33;;24.576959;56.817546;;;;;;;;;"Pa kreisi no T/C ieejas";;2024-06-21T10:05:00.117+03:00
9262;"Ogres Skolas ielas 4 pakomāts";0;LV;"Ogres novads";Ogre;;;"Skolas iela";;4;;24.597865;56.816857;;;;;;;;;"Pa kreisi no ieejas
";;2023-09-29T15:05:22.257+03:00
9953;"Ogres T/C Dauga pakomāts";0;LV;"Ogres novads";Ogre;;;"Rīgas iela";;23;;24.585355;56.816508;;;;;;;;;"Iebraucot T/C Dauga auto stāvvietā, pa labi no ieejas uz stūra";;2025-03-28T12:45:41.053+02:00
9925;"Ogres T/C Ogres prestižs pakomāts";0;LV;"Ogres novads";Ogre;;;"Mednieku iela";;21/23;;24.602722;56.825130;;;;;;;;;"Blakus T/C centrālajai ieejai";;2024-06-26T11:43:27.100+03:00
9569;"Olaines Stacijas ielas RIMI pakomāts";0;LV;"Olaines novads";Olaine;;;"Stacijas iela";;8;;23.943307;56.785884;;;;;;;;;"Pa kreisi no ieejas
";;2023-09-29T14:59:31.243+03:00
9949;"Olaines T/C Prasme pakomāts";0;LV;"Olaines novads";Olaine;;;"Zemgales iela";;24;;23.937719;56.785069;;;;;;;;;"T/C labajā pusē";;2024-06-26T14:46:55.987+03:00
96361;"Orava pakiautomaat";0;EE;"Võru maakond";"Võru vald";"Orava küla";;;Sepikoja;;;27.458007;57.888535;;;;;;;;;;;2025-01-09T15:32:04.600+02:00
96106;"Orissaare Coop Konsumi pakiautomaat";0;EE;"Saare maakond";"Saaremaa vald";"Orissaare alevik";;"Kuivastu mnt";;28;;23.082365;58.559030;;;;;;;;;;;2025-01-17T13:28:59.483+02:00
94691;"Orissaare postipunkt";1;EE;"Saare maakond";"Saaremaa vald";"Orissaare alevik";;"Kuivastu mnt";;39a;;23.086211;58.558421;"E,N 09:00-15:00 K 12:00-18:00 T,R,L,P SULETUD";;;;;;;;;;2025-03-10T11:43:20.437+02:00
96137;"Otepää Maxima X pakiautomaat";0;EE;"Valga maakond";"Otepää vald";"Otepää linn";;"Valga mnt";;1b;;26.497299;58.058896;;;;;;;;;;;2025-01-17T13:48:39.097+02:00
67495;"Otepää postipunkt";1;EE;"Valga maakond";"Otepää vald";"Otepää linn";;"Pühajärve tee";;2;;26.493660;58.056872;"E,T,K,N,R 10:00-16:00 L,P SULETUD";;;;;;;;;;2025-03-25T10:36:25.107+02:00
9258;"Ozolnieku ELVI pakomāts";0;LV;"Jelgavas novads";"Ozolnieku pagasts";Ozolnieki;;"Rīgas iela";;42;;23.794670;56.689552;;;;;;;;;"Pa kreisi no ieejas
";;2024-06-25T10:05:31.717+03:00
9994;"Ozolnieku TOP pakomāts";0;LV;"Jelgavas novads";"Ozolnieku pagasts";Ozolnieki;;"Skolas iela";;1B;;23.787718;56.691993;;;;;;;;;"Pa labi no ieejas";;2024-06-27T09:21:56.377+03:00
77713;"Pabradės NORFA paštomatas";0;LT;"Vilniaus apskr.";"Švenčionių r. sav.";"Pabradės m.";;"Molėtų g.";;4A;;25.755954;54.979617;;;;;;;;;;"Paštomatą rasite lauke prie sienos, kairėje įėjimo į parduotuvę pusėje";2023-12-05T14:22:49.237+02:00
96250;"Padise Keskuse tee pakiautomaat";0;EE;"Harju maakond";"Lääne-Harju vald";"Padise küla";;;"Keskuse tee";;;24.145623;59.224487;;;;;;;;;;;2025-01-15T12:34:29.050+02:00
55562;"Pagėgių NORFA paštomatas";0;LT;"Tauragės apskr.";"Pagėgių sav.";"Pagėgių m.";;"Vilniaus g.";;18A;;21.907641;55.135591;;;;;;;;;;"Paštomatą rasite lauke prie sienos, kairėje įėjimo į parduotuvę pusėje";2023-12-29T09:11:51.543+02:00
96207;"Paide Coop Maksimarket pakiautomaat";0;EE;"Järva maakond";"Paide linn";"Paide linn";;Ringtee;;2;;25.538995;58.886111;;;;;;;;;;;2025-01-08T11:51:45.430+02:00
96388;"Paide Pärnu 55 pakiautomaat";0;EE;"Järva maakond";"Paide linn";"Paide linn";;"Pärnu tn";;55;;25.558437;58.887071;;;;;;;;;;;2025-01-09T16:23:08.687+02:00
96037;"Paide Selveri pakiautomaat";0;EE;"Järva maakond";"Paide linn";"Paide linn";;"Aiavilja tn";;4;;25.563311;58.885469;;;;;;;;;;;2025-01-17T11:21:13.357+02:00
72701;"Paide postkontor";1;EE;"Järva maakond";"Paide linn";"Paide linn";;"Pärnu tn";;55;;25.558437;58.887071;"E,T,K,N,R 09:00-18:00 L,P SULETUD;Ligipääs ratastooliga";;;;;;;;;;2025-02-13T13:48:40.073+02:00
96158;"Paikuse Coop Konsumi pakiautomaat";0;EE;"Pärnu maakond";"Pärnu linn";"Paikuse alev";;"Pärnade pst";;1;;24.618326;58.373772;;;;;;;;;;;2025-01-08T11:30:03.753+02:00
77714;"Pakruojo NORFA paštomatas";0;LT;"Šiaulių apskr.";"Pakruojo r. sav.";"Pakruojo m.";;"Statybininkų g.";;2A;;23.856688;55.980039;;;;;;;;;;"Paštomatą rasite lauke prie sienos, dešinėje įėjimo į parduotuvę pusėje";2023-11-29T06:03:24.187+02:00
96257;"Palamuse pakiautomaat";0;EE;"Jõgeva maakond";"Jõgeva vald";"Palamuse alevik";;"Uus tn";;1;;26.585179;58.685409;;;;;;;;;;;2024-07-08T10:34:01.153+03:00
99569;"Palangos LIDL Klaipėdos pl. paštomatas";0;LT;"Klaipėdos apskr.";"Palangos m. sav.";"Palangos m.";;"Klaipėdos pl.";;59;;21.077963;55.919459;;;;;;;;;;;2024-11-28T16:41:06.090+02:00
55563;"Palangos MAXIMA Klaipėdos pl. paštomatas";0;LT;"Klaipėdos apskr.";"Palangos m. sav.";"Palangos m.";;"Klaipėdos pl.";;42;;21.077526;55.912817;;;;;;;;;;"Paštomatą rasite lauke prie šoninės sienos, dešinėje įėjimo į parduotuvę pusėje, už kampo";2023-12-29T09:12:08.120+02:00
88870;"Palangos RIMI paštomatas";0;LT;"Klaipėdos apskr.";"Palangos m. sav.";"Palangos m.";;"Malūno g.";;10;;21.075963;55.921020;;;;;;;;;;"Paštomatą rasite lauke, kairėje įėjimo į parduotuvę pusėje, iš Klaipėdos pl.";2025-02-05T10:22:02.987+02:00
96203;"Paldiski Coop Konsumi pakiautomaat";0;EE;"Harju maakond";"Lääne-Harju vald";"Paldiski linn";;"Rae tn";;38;;24.055929;59.352619;;;;;;;;;;;2025-01-15T12:39:31.617+02:00
96097;"Paldiski Maxima X pakiautomaat";0;EE;"Harju maakond";"Lääne-Harju vald";"Paldiski linn";;"Rae tn";;14b;;24.062820;59.347514;;;;;;;;;;;2025-01-17T11:41:48.223+02:00
99083;"Panevėžio AIBĖ Beržų paštomatas";0;LT;"Panevėžio apskr.";"Panevėžio m. sav.";"Panevėžio m.";;"Beržų g.";;52A;;24.387665;55.721827;;;;;;;;;;;2024-07-10T17:12:31.637+03:00
99555;"Panevėžio IKI Vilniaus paštomatas";0;LT;"Panevėžio apskr.";"Panevėžio m. sav.";"Panevėžio m.";;"Vilniaus g.";;60;;24.380481;55.727797;;;;;;;;;;;2024-11-25T11:56:09.677+02:00
99949;"Panevėžio KUBAS Klaipėdos g. paštomatas";0;LT;"Panevėžio apskr.";"Panevėžio m. sav.";"Panevėžio m.";;"Klaipėdos g.";;102;;24.332418;55.729320;;;;;;;;;;;2024-04-05T12:08:49.987+03:00
99593;"Panevėžio LIDL J. Basanavičiaus paštomatas";0;LT;"Panevėžio apskr.";"Panevėžio m. sav.";"Panevėžio m.";;"J. Basanavičiaus g.";;67;;24.372298;55.717679;;;;;;;;;;;2024-12-03T09:02:01.483+02:00
99592;"Panevėžio LIDL Smėlynės paštomatas";0;LT;"Panevėžio apskr.";"Panevėžio m. sav.";"Panevėžio m.";;"Smėlynės g.";;112A;;24.371410;55.744875;;;;;;;;;;;2024-12-03T09:02:46.820+02:00
88849;"Panevėžio MAXIMA LĖVUO paštomatas";0;LT;"Panevėžio apskr.";"Panevėžio m. sav.";"Panevėžio m.";;"Klaipėdos g.";;103;;24.324492;55.729027;;;;;;;;;;"Paštomatą rasite lauke prie sienos, dešinėje įėjimo į parduotuvę pusėje";2023-06-21T06:03:05.460+03:00
55575;"Panevėžio MAXIMA Ramygalos 44 paštomatas";0;LT;"Panevėžio apskr.";"Panevėžio m. sav.";"Panevėžio m.";;"Ramygalos g.";;44;;24.361649;55.723247;;;;;;;;;;"Paštomatą rasite lauke prie sienos, dešinėje įėjimo į parduotuvę pusėje";2025-02-19T13:27:57.757+02:00
55576;"Panevėžio MAXIMA Respublikos paštomatas";0;LT;"Panevėžio apskr.";"Panevėžio m. sav.";"Panevėžio m.";;"Respublikos g.";;71;;24.356314;55.736744;;;;;;;;;;"Paštomatą rasite lauke prie sienos, dešinėje įėjimo į parduotuvę pusėje";2024-04-05T12:10:08.510+03:00
88847;"Panevėžio MAXIMA TURGAUS paštomatas";0;LT;"Panevėžio apskr.";"Panevėžio m. sav.";"Panevėžio m.";;"Ukmergės g.";;23;;24.370111;55.728699;;;;;;;;;;"Paštomatą rasite lauke prie sienos, dešinėje įėjimo į parduotuvę pusėje";2025-02-13T16:00:34.597+02:00
77715;"Panevėžio NORFA Beržų paštomatas";0;LT;"Panevėžio apskr.";"Panevėžio m. sav.";"Panevėžio m.";;"Beržų g.";;27;;24.371639;55.718180;;;;;;;;;;"Paštomatą rasite lauke prie sienos, dešinėje įėjimo į parduotuvę pusėje";2024-04-05T12:11:53.457+03:00
55574;"Panevėžio NORFA Molainių g. paštomatas";0;LT;"Panevėžio apskr.";"Panevėžio m. sav.";"Panevėžio m.";;"Molainių g.";;11;;24.331191;55.721789;;;;;;;;;;"Paštomatą rasite lauke prie sienos, dešinėje įėjimo į parduotuvę pusėje";2024-04-05T12:13:00.360+03:00
99084;"Panevėžio NORFA Nemuno paštomatas";0;LT;"Panevėžio apskr.";"Panevėžio m. sav.";"Panevėžio m.";;"Nemuno g.";;29B;;24.350383;55.719442;;;;;;;;;;;2024-07-10T17:12:43.657+03:00
77716;"Panevėžio NORFA Smėlynės paštomatas";0;LT;"Panevėžio apskr.";"Panevėžio m. sav.";"Panevėžio m.";;"Smėlynės g.";;85;;24.369602;55.744326;;;;;;;;;;"Paštomatą rasite lauke prie sienos, kairėje įėjimo į parduotuvę pusėje";2021-12-30T09:19:39.447+02:00
99515;"Panevėžio PC BIČIULIS paštomatas";0;LT;"Panevėžio apskr.";"Panevėžio m. sav.";"Panevėžio m.";;"Marijonų g.";;25;;24.358806;55.740655;;;;;;;;;;;2024-11-25T13:09:20.473+02:00
99038;"Panevėžio PC MOLAS paštomatas";0;LT;"Panevėžio apskr.";"Panevėžio m. sav.";"Panevėžio m.";;"Klaipėdos g.";;143A;;24.308557;55.729660;;;;;;;;;;;2024-09-09T13:41:08.410+03:00
99065;"Panevėžio PC Rožynas paštomatas";0;LT;"Panevėžio apskr.";"Panevėžio m. sav.";"Panevėžio m.";;"Piniavos skg.";;10;;24.370034;55.757699;;;;;;;;;;;2023-05-15T16:46:49.977+03:00
99531;"Panevėžio PC Žara paštomatas";0;LT;"Panevėžio apskr.";"Panevėžio m. sav.";"Panevėžio m.";;"Dariaus ir Girėno g.";;2;;24.326803;55.729811;;;;;;;;;;;2024-11-25T13:02:39.237+02:00
88846;"Panevėžio RIMI Klaipėdos g. paštomatas";0;LT;"Panevėžio apskr.";"Panevėžio m. sav.";"Panevėžio m.";;"Klaipėdos g.";;82;;24.342098;55.728561;;;;;;;;;;"Paštomatą rasite lauke prie sienos, kairėje įėjimo į parduotuvę pusėje";2023-06-21T06:03:03.573+03:00
99028;"Panevėžio RIMI Ragaudžių paštomatas";0;LT;"Panevėžio apskr.";"Panevėžio m. sav.";"Panevėžio m.";;"Ragaudžių g.";;2;;24.338603;55.717390;;;;;;;;;;;2022-12-02T15:30:49.130+02:00
99039;"Parokiškės AIBĖ Aušrinės g. paštomatas";0;LT;"Panevėžio apskr.";"Rokiškio r. sav.";"Parokiškės k.";;"Aušrinės g.";;16;;25.576440;55.948861;;;;;;;;;;;2022-12-02T15:32:56.560+02:00
55577;"Pasvalio MAXIMA Avižonio paštomatas";0;LT;"Panevėžio apskr.";"Pasvalio r. sav.";"Pasvalio m.";;"P. Avižonio g.";;7;;24.399381;56.060460;;;;;;;;;;"Paštomatą rasite lauke prie sienos, kairėje įėjimo į parduotuvę pusėje";2025-02-11T12:01:53.240+02:00
88809;"Pasvalio NORFA paštomatas";0;LT;"Panevėžio apskr.";"Pasvalio r. sav.";"Pasvalio m.";;"Ežero g.";;1;;24.411162;56.059595;;;;;;;;;;"Paštomatą rasite lauke prie sienos, dešinėje įėjimo į parduotuvę pusėje";2025-02-11T12:02:31.920+02:00
96234;"Peetri Keskuse pakiautomaat";0;EE;"Harju maakond";"Rae vald";"Peetri alevik";;"Küti tee";;4;;24.805811;59.397439;;;;;;;;;;;2025-01-08T12:00:13.513+02:00
96082;"Peetri Selveri pakiautomaat";0;EE;"Harju maakond";"Rae vald";"Peetri alevik";;"Veesaare tee";;2;;24.811046;59.402735;;;;;;;;;;;2025-01-17T11:34:54.750+02:00
11901;"Pirita postkontor";1;EE;"Harju maakond";Tallinn;"Pirita linnaosa";;"Rummu tee";;4;;24.827395;59.462443;"E,T,K,N,R 10:00-19:00 L,P SULETUD;Ligipääs ratastooliga";;;;;;;;;;2025-02-25T15:47:39.443+02:00
9117;"Piņķu Elvi pakomāts";0;LV;"Mārupes novads";"Babītes pagasts";Piņķi;;"Rīgas iela";;8;;23.909465;56.944450;;;;;;;;;"Pa labi no ieejas";;2024-06-21T09:14:42.967+03:00
9587;"Piņķu Rīgas ielas RIMI pakomāts";0;LV;"Mārupes novads";"Babītes pagasts";Piņķi;;"Rīgas iela";;23;;23.921491;56.944891;;;;;;;;;"Pa labi no ieejas
";;2023-09-29T14:40:19.027+03:00
9249;"Plakanciema pakomāts";0;LV;"Ķekavas novads";"Ķekavas pagasts";Plakanciems;;;Veckrogzemji;;;24.108478;56.766567;;;;;;;;;"Pa kreisi no ieejas
";;2024-06-25T09:34:49.390+03:00
99030;"Plungės GRŪSTĖ paštomatas";0;LT;"Telšių apskr.";"Plungės r. sav.";"Plungės m.";;"V. Mačernio g.";;14;;21.831954;55.908411;;;;;;;;;;;2022-12-06T16:01:21.553+02:00
88894;"Plungės IKI Laisvės paštomatas";0;LT;"Telšių apskr.";"Plungės r. sav.";"Plungės m.";;"Laisvės g.";;5;;21.857606;55.908780;;;;;;;;;;"Paštomatą rasite lauke prie sienos, kairėje įėjimo į turgų pusėje";2021-12-23T14:58:05.257+02:00
55564;"Plungės IKI Senamiesčio paštomatas";0;LT;"Telšių apskr.";"Plungės r. sav.";"Plungės m.";;"Senamiesčio a.";;1;;21.845882;55.913172;;;;;;;;;;"Paštomatą rasite lauke prie sienos, kairėje įėjimo į parduotuvę pusėje";2024-01-19T06:03:20.793+02:00
99604;"Plungės LIDL paštomatas";0;LT;"Telšių apskr.";"Plungės r. sav.";"Plungės m.";;"J. Tumo-Vaižganto g.";;110;;21.827871;55.901896;;;;;;;;;;;2024-11-28T16:29:25.953+02:00
99943;"Plungės MAXIMA Tumo-Vaižganto paštomatas";0;LT;"Telšių apskr.";"Plungės r. sav.";"Plungės m.";;"J. Tumo-Vaižganto g.";;81;;21.832917;55.904636;;;;;;;;;;;2024-01-02T08:47:12.707+02:00
88810;"Plungės NORFA Kalniškių paštomatas";0;LT;"Telšių apskr.";"Plungės r. sav.";"Plungės m.";;"Kalniškių g.";;18;;21.843836;55.904941;;;;;;;;;;"Paštomatą rasite lauke prie šoninės sienos, dešinėje įėjimo į parduotuvę pusėje, už kampo  ";2021-12-23T14:59:17.603+02:00
74002;"Prangli väljastuspunkt";1;EE;"Harju maakond";"Viimsi vald";"Idaotsa küla";;;"Prangli rahvamaja";;;25.010052;59.629530;;;;;;;;;;;2024-01-29T09:11:03.973+02:00
9958;"Preiļu Brīvības ielas TOP pakomāts";0;LV;"Preiļu novads";Preiļi;;;"Brīvības iela";;4;;26.722545;56.294907;;;;;;;;;"Pa labi no T/C ieejas";;2024-06-26T14:56:05.467+03:00
9291;"Preiļu Rīgas ielas MEGO pakomāts";0;LV;"Preiļu novads";Preiļi;;;"Rīgas iela";;4D;;26.709665;56.299641;;;;;;;;;"Pa kreisi no ieejas
";;2024-06-25T14:31:09.670+03:00
9130;"Priekules TOP pakomāts";0;LV;"Dienvidkurzemes novads";Priekule;;;"Galvenā iela";;1;;21.585173;56.447360;;;;;;;;;"Pie ieejas";;2025-01-09T09:08:07.847+02:00
77762;"Priekulės PEPCO paštomatas";0;LT;"Klaipėdos apskr.";"Klaipėdos r. sav.";"Priekulės II k.";;"Pasagos g.";;1A;;21.311450;55.561286;;;;;;;;;;"Paštomatą rasite lauke prie šoninės sienos, kairėje įėjimo į parduotuvę pusėje, už kampo";2024-09-06T14:35:06.037+03:00
9543;"Priekuļu Aibe pakomāts";0;LV;"Cēsu novads";"Priekuļu pagasts";Priekuļi;;"Cēsu prospekts";;44;;25.358768;57.313361;;;;;;;;;"Pa kreisi no ieejas
";;2023-09-29T11:57:55.257+03:00
99927;"Prienų DNC paštomatas";0;LT;"Kauno apskr.";"Prienų r. sav.";"Prienų m.";;"J. Basanavičiaus g.";;15;;23.945164;54.638023;;;;;;;;;;;2024-01-02T08:42:09.877+02:00
99618;"Prienų IKI Vilniaus g. paštomatas";0;LT;"Kauno apskr.";"Prienų r. sav.";"Prienų m.";;"Vilniaus g.";;1;;23.957147;54.629052;;;;;;;;;;;2025-03-26T15:47:21.720+02:00
99504;"Prienų MAXIMA Kauno g. paštomatas";0;LT;"Kauno apskr.";"Prienų r. sav.";"Prienų m.";;"Kauno g.";;34;;23.948578;54.645653;;;;;;;;;;;2024-11-25T13:21:00.160+02:00
88812;"Prienų NORFA paštomatas";0;LT;"Kauno apskr.";"Prienų r. sav.";"Prienų m.";;"Revuonos g.";;66;;23.945186;54.642956;;;;;;;;;;"Paštomatą rasite lauke prie sienos, kairėje įėjimo į parduotuvę pusėje";2023-12-02T06:03:28.190+02:00
96150;"Puhja Coop Konsumi pakiautomaat";0;EE;"Tartu maakond";"Elva vald";"Puhja alevik";;"Nooruse tn";;2;;26.313463;58.335250;;;;;;;;;;;2025-01-08T10:56:56.143+02:00
96256;"Puka pakiautomaat";0;EE;"Valga maakond";"Otepää vald";"Puka alevik";;"Kooli tn";;6;;26.227530;58.052023;;;;;;;;;;;2025-01-08T12:08:31.547+02:00
96076;"Pärnu Coop Maksimarketi pakiautomaat";0;EE;"Pärnu maakond";"Pärnu linn";"Papsaare küla";;"Haapsalu mnt";;43;;24.457352;58.395611;;;;;;;;;;;2025-01-17T11:14:52.907+02:00
96026;"Pärnu Jannseni Rimi pakiautomaat";0;EE;"Pärnu maakond";"Pärnu linn";"Pärnu linn";;"J. V. Jannseni tn";;3/1;;24.494030;58.391712;;;;;;;;;;;2025-01-17T11:18:50.787+02:00
96040;"Pärnu Kaubamajaka pakiautomaat";0;EE;"Pärnu maakond";"Pärnu linn";"Pärnu linn";;"Papiniidu tn";;8;;24.550329;58.371106;;;;;;;;;;;2025-01-17T11:22:03.963+02:00
96405;"Pärnu Lille Meie kaupluse pakiautomaat";0;EE;"Pärnu maakond";"Pärnu linn";"Pärnu linn";;"Lille tn";;44c;;24.511798;58.399424;;;;;;;;;;;2025-01-10T13:32:57.983+02:00
96027;"Pärnu Maxima XXX pakiautomaat";0;EE;"Pärnu maakond";"Pärnu linn";"Pärnu linn";;"Riia mnt";;131;;24.536591;58.375126;;;;;;;;;;;2025-01-17T11:19:02.503+02:00
96315;"Pärnu Oja Selver ABC pakiautomaat";0;EE;"Pärnu maakond";"Pärnu linn";"Pärnu linn";;"Liblika tn";;6;;24.531032;58.390586;;;;;;;;;;;2025-01-08T16:24:01.017+02:00
96399;"Pärnu Olevi Meie kaupluse pakiautomaat";0;EE;"Pärnu maakond";"Pärnu linn";"Pärnu linn";;"Olevi tn";;27;;24.568999;58.353985;;;;;;;;;;;2025-01-10T11:07:43.963+02:00
96062;"Pärnu Port Artur 2 pakiautomaat";0;EE;"Pärnu maakond";"Pärnu linn";"Pärnu linn";;"Lai tn";;11;;24.503573;58.387673;;;;;;;;;;;2025-01-17T13:14:50.480+02:00
96408;"Pärnu Suurejõe Selveri pakiautomaat";0;EE;"Pärnu maakond";"Pärnu linn";"Pärnu linn";;"Suur-Jõe tn";;57;;24.533302;58.378210;;;;;;;;;;;2025-02-19T13:21:10.203+02:00
96197;"Pärnu Tiina Coop Konsumi pakiautomaat";0;EE;"Pärnu maakond";"Pärnu linn";"Pärnu linn";;"Riia mnt";;74;;24.526998;58.380050;;;;;;;;;;;2025-01-08T11:46:06.673+02:00
96198;"Pärnu Turu pakiautomaat";0;EE;"Pärnu maakond";"Pärnu linn";"Pärnu linn";;"Suur-Sepa tn";;18;;24.509580;58.382210;;;;;;;;;;;2025-01-08T11:46:21.110+02:00
80501;"Pärnu postkontor";1;EE;"Pärnu maakond";"Pärnu linn";"Pärnu linn";;"Lai tn";;11;;24.504459;58.387460;"E,T,K,N,R 09:00-18:00 L 10:00-15:00 P SULETUD;Ligipääs ratastooliga";;;;;;;;;;2025-02-13T13:50:03.677+02:00
96077;"Pärnu Ülejõe Selveri pakiautomaat";0;EE;"Pärnu maakond";"Pärnu linn";"Pärnu linn";;"Tallinna mnt";;93a;;24.495120;58.408451;;;;;;;;;;;2025-01-17T11:15:21.703+02:00
96109;"Pärnu-Jaagupi Grossi pakiautomaat";0;EE;"Pärnu maakond";"Põhja-Pärnumaa vald";"Pärnu-Jaagupi alev";;"Uus tn";;20a;;24.504647;58.609379;;;;;;;;;;;2025-01-17T13:35:22.910+02:00
96048;"Põltsamaa Selveri pakiautomaat";0;EE;"Jõgeva maakond";"Põltsamaa vald";"Põltsamaa linn";;"Jõgeva mnt";;1a;;25.980273;58.654120;;;;;;;;;;;2025-01-17T11:25:38.367+02:00
96045;"Põlva Coop Konsumi pakiautomaat";0;EE;"Põlva maakond";"Põlva vald";"Põlva linn";;"Aasa tn";;1;;27.046219;58.051766;;;;;;;;;;;2025-01-17T11:24:54.957+02:00
96201;"Põlva Meie Ostumarketi pakiautomaat";0;EE;"Põlva maakond";"Põlva vald";"Põlva linn";;"Lao tn";;14;;27.092855;58.066805;;;;;;;;;;;2025-01-08T11:47:04.940+02:00
96073;"Põlva Selveri pakiautomaat";0;EE;"Põlva maakond";"Põlva vald";"Põlva linn";;"Jaama tn";;12;;27.071194;58.063698;;;;;;;;;;;2025-01-17T11:14:09.497+02:00
63301;"Põlva postkontor";1;EE;"Põlva maakond";"Põlva vald";"Põlva linn";;Ringtee;;4;;27.075782;58.065958;"E,T,K,N,R 09:00-18:00 L,P SULETUD;Ligipääs ratastooliga";;;;;;;;;;2025-02-13T13:49:43.500+02:00
96286;"Pürksi pakiautomaat";0;EE;"Lääne maakond";"Lääne-Nigula vald";"Pürksi küla / Birkas";"Pürksi keskus";;;;;23.521619;59.006207;;;;;;;;;;;2025-01-08T10:54:33.093+02:00
9207;"Pāvilostas TOP pakomāts";0;LV;"Dienvidkurzemes novads";Pāvilosta;;;"Dzintaru iela";;69;;21.189195;56.887209;;;;;;;;;"Pa labi no ieejas";;2024-06-21T13:35:21.977+03:00
9990;"Pļaviņu TOP pakomāts";0;LV;"Aizkraukles novads";Pļaviņas;;;"Daugavas iela";;85;;25.733952;56.618131;;;;;;;;;"Pa labi no ieejas";;2024-06-26T16:21:17.993+03:00
9532;"Pūres Citro pakomāts";0;LV;"Tukuma novads";"Pūres pagasts";Pūre;;;Roze;;;22.912332;57.038500;;;;;;;;;"Pa kreisi no ieejas
";;2023-09-29T09:37:05.860+03:00
96105;"Raasiku Coop Konsumi pakiautomaat";0;EE;"Harju maakond";"Raasiku vald";"Raasiku alevik";;"Tallinna mnt";;19;;25.182569;59.369367;;;;;;;;;;;2025-03-28T15:02:01.290+02:00
88817;"Radviliškio GRŪSTĖ Aušros paštomatas";0;LT;"Šiaulių apskr.";"Radviliškio r. sav.";"Radviliškio m.";;"Aušros a.";;3;;23.538315;55.807849;;;;;;;;;;"Paštomatą rasite lauke prie sienos, kairėje įėjimo į parduotuvę pusėje, už kampo";2020-12-23T14:40:33.453+02:00
55587;"Radviliškio MAXIMA Gedimino 42 paštomatas";0;LT;"Šiaulių apskr.";"Radviliškio r. sav.";"Radviliškio m.";;"Gedimino g.";;42A;;23.548772;55.812696;;;;;;;;;;"Paštomatą rasite lauke prie sienos, kairėje įėjimo į parduotuvę pusėje";2023-12-29T14:19:04.433+02:00
75399;"Rae postkontor";1;EE;"Harju maakond";"Rae vald";"Peetri alevik";;"Veesaare tee";;2;;24.811533;59.402353;"E,T,K,N,R 10:00-19:00 L,P SULETUD;Ligipääs ratastooliga";;;;;;;;;;2025-02-25T14:38:16.103+02:00
9152;"Raganas ELVI pakomāts";0;LV;"Siguldas novads";"Krimuldas pagasts";Ragana;;"Tirgus iela";;10;;24.715897;57.181373;;;;;;;;;"Pa labi no ieejas";;2023-09-29T15:23:21.253+03:00
96268;"Rakke pakiautomaat";0;EE;"Lääne-Viru maakond";"Väike-Maarja vald";"Rakke alevik";;"F. R. Faehlmanni tee";;15;;26.241625;58.987978;;;;;;;;;;;2025-01-08T12:12:16.120+02:00
96397;"Rakvere Lidl pakiautomaat";0;EE;"Lääne-Viru maakond";"Rakvere vald";"Ussimäe küla";;"Ussimäe tn";;1;;26.374306;59.349133;;;;;;;;;;;2025-01-10T11:06:18.353+02:00
96232;"Rakvere Lilleoru kaupluse pakiautomaat";0;EE;"Lääne-Viru maakond";"Rakvere linn";;;"Tartu tn";;55;;26.364531;59.327658;;;;;;;;;;;2025-01-08T11:59:46.390+02:00
96078;"Rakvere Põhjakeskuse pakiautomaat";0;EE;"Lääne-Viru maakond";"Rakvere vald";"Tõrremäe küla";;"Haljala tee";;4;;26.339553;59.364081;;;;;;;;;;;2025-01-17T11:15:41.993+02:00
96031;"Rakvere Turutare pakiautomaat";0;EE;"Lääne-Viru maakond";"Rakvere linn";;;"Laada tn";;18;;26.364466;59.347187;;;;;;;;;;;2025-01-17T11:19:37.753+02:00
96167;"Rakvere Vaala Keskuse pakiautomaat";0;EE;"Lääne-Viru maakond";"Rakvere linn";;;"Lõõtspilli tn";;2;;26.383605;59.354905;;;;;;;;;;;2025-01-08T11:33:38.517+02:00
44301;"Rakvere postkontor";1;EE;"Lääne-Viru maakond";"Rakvere linn";;;"F. G. Adoffi tn";;11;;26.364142;59.348662;"E,T,K,N,R 09:00-18:00 L,P SULETUD;Ligipääs ratastooliga";;;;;;;;;;2025-02-13T13:50:46.200+02:00
96365;"Ramsi Coop kaupluse pakiautomaat";0;EE;"Viljandi maakond";"Viljandi vald";"Ramsi alevik";;"Keskuse tee";;1;;25.540729;58.307550;;;;;;;;;;;2025-01-09T15:39:54.827+02:00
99514;"Ramygalos AIBĖ paštomatas";0;LT;"Panevėžio apskr.";"Panevėžio r. sav.";"Ramygalos m.";;"Bažnyčios g.";;2;;24.304166;55.510585;;;;;;;;;;;2024-11-25T13:11:43.340+02:00
96396;"Randvere Meie kaupluse pakiautomaat";0;EE;"Harju maakond";"Viimsi vald";"Randvere küla";;"G. H. Schüdlöffeli tee";;2;;24.903993;59.504003;;;;;;;;;;;2025-01-09T16:29:52.547+02:00
96359;"Rannu Coop Kaupluse pakiautomaat";0;EE;"Tartu maakond";"Elva vald";"Rannu alevik";;"Elva tee";;10;;26.221778;58.239960;;;;;;;;;;;2025-01-09T15:31:30.067+02:00
96220;"Rapla Coop Konsumi pakiautomaat";0;EE;"Rapla maakond";"Rapla vald";"Rapla linn";;"Tallinna mnt";;16;;24.793521;59.005301;;;;;;;;;;;2025-01-08T11:55:19.703+02:00
96043;"Rapla Maxima X pakiautomaat";0;EE;"Rapla maakond";"Rapla vald";"Rapla linn";;"Tallinna mnt";;50a;;24.790997;58.998328;;;;;;;;;;;2025-01-17T11:22:47.980+02:00
79501;"Rapla postkontor";1;EE;"Rapla maakond";"Rapla vald";"Rapla linn";;"Tallinna mnt";;17;;24.794818;59.004320;"E,T,K,N,R 09:00-18:00 L,P SULETUD;Ligipääs ratastooliga";;;;;;;;;;2025-02-13T13:51:05.457+02:00
88819;"Raseinių MAXIMA Maironio paštomatas";0;LT;"Kauno apskr.";"Raseinių r. sav.";"Raseinių m.";;"Maironio g.";;64;;23.126625;55.386380;;;;;;;;;;"Paštomatą rasite lauke prie sienos, kairėje įėjimo į parduotuvę pusėje";2023-12-06T06:03:23.170+02:00
55536;"Raseinių MAXIMA Vilniaus g. paštomatas";0;LT;"Kauno apskr.";"Raseinių r. sav.";"Raseinių m.";;"Vilniaus g.";;93;;23.113923;55.379334;;;;;;;;;;"Paštomatą rasite lauke prie sienos, kairėje įėjimo į parduotuvę pusėje";2023-12-28T10:30:15.340+02:00
99502;"Raseinių NORFA Dominikonų paštomatas";0;LT;"Kauno apskr.";"Raseinių r. sav.";"Raseinių m.";;"Dominikonų g.";;12;;23.118603;55.379279;;;;;;;;;;;2024-11-25T13:21:26.697+02:00
9506;"Raunas TOP pakomāts";0;LV;"Smiltenes novads";"Raunas pagasts";Rauna;;"Cēsu iela";;2A;;25.608690;57.331351;;;;;;;;;"Pa kreisi no ieejas
";;2024-06-25T14:43:20.753+03:00
77717;"Rietavo MAXIMA paštomatas";0;LT;"Telšių apskr.";"Rietavo sav.";"Rietavo m.";;"Plungės g.";;2;;21.932441;55.724254;;;;;;;;;;"Paštomatą rasite lauke, prie galinės parduotuvės pastato sienos";2021-11-25T11:48:39.790+02:00
50191;"Ringtee postkontor";1;EE;"Tartu maakond";"Tartu linn";"Tartu linn";;"Võru tn";;167;;26.713430;58.344923;"E,T,K,N,R 10:00-19:00 L 10:00-15:00 P SULETUD;Ligipääs ratastooliga";;;;;;;;;;2025-02-13T13:51:26.580+02:00
96196;"Risti Coop kaupluse pakiautomaat";0;EE;"Lääne maakond";"Lääne-Nigula vald";"Risti alevik";;"Haapsalu mnt";;1;;24.056862;58.998289;;;;;;;;;;;2025-01-08T11:45:53.523+02:00
13591;"Rocca Al Mare postkontor";1;EE;"Harju maakond";Tallinn;"Haabersti linnaosa";;"Paldiski mnt";;102;;24.651591;59.426851;"E,T,K,N,R 10:00-20:00 L 10:00-16:00 P SULETUD;Ligipääs ratastooliga";;;;;;;;;;2025-02-25T15:47:53.223+02:00
96251;"Roela pakiautomaat";0;EE;"Lääne-Viru maakond";"Vinni vald";"Roela alevik";;"Sinilille tn";;1a;;26.586551;59.165147;;;;;;;;;;;2025-01-08T12:06:53.693+02:00
96282;"Roiu Coop kaupluse pakiautomaat";0;EE;"Tartu maakond";"Kastre vald";"Roiu alevik";;"Männi tn";;9;;26.867232;58.301326;;;;;;;;;;;2025-01-08T10:52:57.307+02:00
9136;"Rojas Maxima X pakomāts";0;LV;"Talsu novads";"Rojas pagasts";Roja;;"Selgas iela";;2;;22.801112;57.505697;;;;;;;;;"Blakus T/C centrālajai ieejai";;2024-06-21T10:08:33.820+03:00
99543;"Rokiškio LIDL paštomatas";0;LT;"Panevėžio apskr.";"Rokiškio r. sav.";"Rokiškio m.";;"Respublikos g.";;113;;25.590917;55.948918;;;;;;;;;;;2024-11-25T12:00:05.827+02:00
55578;"Rokiškio MAXIMA Respublikos 111B paštomatas";0;LT;"Panevėžio apskr.";"Rokiškio r. sav.";"Rokiškio m.";;"Respublikos g.";;111B;;25.589929;55.952926;;;;;;;;;;"Paštomatą rasite lauke prie sienos, kairėje įėjimo į parduotuvę pusėje";2023-12-29T09:17:13.113+02:00
88821;"Rokiškio NORFA Panevėžio g. paštomatas";0;LT;"Panevėžio apskr.";"Rokiškio r. sav.";"Rokiškio m.";;"Panevėžio g.";;1D;;25.588392;55.947001;;;;;;;;;;"Paštomatą rasite lauke prie sienos, dešinėje įėjimo į parduotuvę pusėje";2022-11-22T18:34:44.333+02:00
96387;"Roo Prisma pakiautomaat";0;EE;"Harju maakond";"Harku vald";"Harkujärve küla";;"Roo tee";;1;;24.616285;59.407169;;;;;;;;;;;2025-01-09T16:22:53.167+02:00
96273;"Roobuka pakiautomaat";0;EE;"Harju maakond";"Saku vald";"Roobuka küla";;"Roheluse tee";;1;;24.671532;59.221431;;;;;;;;;;;2025-01-08T12:13:22.290+02:00
9138;"Ropažu Lats Pakomāts";0;LV;"Ropažu novads";"Ropažu pagasts";Ropaži;;"Rīgas iela";;12;;24.633706;56.971877;;;;;;;;;"Pa kreisi no ieejas";;2023-09-29T14:50:26.473+03:00
77796;"Rudaminos IKI paštomatas";0;LT;"Vilniaus apskr.";"Vilniaus r. sav.";"Rudaminos k.";;"Gamyklos g.";;26;;25.341576;54.592888;;;;;;;;;;"Paštomatą rasite lauke prie sienos, kairėje įėjimo į parduotuvę pusėje, šalia taromato";2024-03-22T06:03:45.337+02:00
93999;"Ruhnu pakiväljastus";0;EE;"Saare maakond";"Ruhnu vald";"Ruhnu küla";;;;;;23.244316;57.803813;;;;;;;;;;;2023-08-14T09:08:41.047+03:00
93091;"Ruhnu postipunkt (raamatukogu)";1;EE;"Saare maakond";"Ruhnu vald";"Ruhnu küla";;;Raamatukogu;;;23.245469;57.802511;"T,K,R 13:00-14:00 E,N,L,P SULETUD";;;;;;;;;;2025-02-11T16:24:04.973+02:00
55539;"Rumšiškių MAXIMA paštomatas";0;LT;"Kauno apskr.";"Kaišiadorių r. sav.";"Rumšiškių mstl.";;"L. Lekavičiaus g.";;32;;24.214849;54.872861;;;;;;;;;;"Paštomatą rasite lauke prie sienos, kairėje įėjimo į parduotuvę pusėje";2024-04-03T06:03:23.547+03:00
96186;"Räpina Coop Konsumi pakiautomaat";0;EE;"Põlva maakond";"Räpina vald";"Räpina linn";;"Kooli tn";;14a;;27.459610;58.094948;;;;;;;;;;;2025-01-08T11:42:46.790+02:00
96095;"Räpina Maxima X pakiautomaat";0;EE;"Põlva maakond";"Räpina vald";"Räpina linn";;"Pargi tn";;1;;27.463667;58.097504;;;;;;;;;;;2025-01-17T11:40:59.060+02:00
64594;"Räpina postipunkt";1;EE;"Põlva maakond";"Räpina vald";"Räpina linn";;"Kooli tn";;1;;27.464795;58.097239;"T,K,N 09:00-15:00 E,R,L,P SULETUD;Ligipääs ratastooliga";;;;;;;;;;2025-02-26T09:08:14.683+02:00
96151;"Rõngu Coop Konsumi pakiautomaat";0;EE;"Tartu maakond";"Elva vald";"Rõngu alevik";;"Tartu mnt";;2;;26.248779;58.143987;;;;;;;;;;;2025-01-08T10:57:29.137+02:00
96255;"Rõuge Bussijaama pakiautomaat";0;EE;"Võru maakond";"Rõuge vald";"Rõuge alevik";;;;;;26.916482;57.730090;;;;;;;;;;;2025-01-08T12:08:02.323+02:00
9586;"RĀMKALNI pakomāts";0;LV;"Siguldas novads";"Inčukalna pagasts";Krustiņi;;;Vītiņkalni;;;24.658473;57.124938;;;;;;;;;"Pa labi no ieejas
";;2024-06-26T09:52:56.840+03:00
9922;"Rēzeknes Atbrīvošanas alejas Maxima XX pakomāts";0;LV;Rēzekne;;;;"Atbrīvošanas aleja";;141;;27.339478;56.524147;;;;;;;;;"Blakus T/C centrālajai ieejai";;2025-01-09T09:05:44.730+02:00
9511;"Rēzeknes Dārzu ielas 63 pakomāts";0;LV;Rēzekne;;;;"Dārzu iela";;63;;27.339796;56.515908;;;;;;;;;"Pa kreisi no ieejas
";;2024-06-25T15:08:20.257+03:00
9582;"Rēzeknes Dārzu ielas ELFI pakomāts";0;LV;Rēzekne;;;;"Dārzu iela";;14;;27.334117;56.505263;;;;;;;;;"Pa kreisi no ieejas
";;2023-09-29T11:31:34.250+03:00
9974;"Rēzeknes Galdnieku ielas RIMI pakomāts";0;LV;Rēzekne;;;;"Galdnieku iela";;8;;27.330051;56.502257;;;;;;;;;"Pa kreisi no T/C Centrālās ieejas";;2024-06-26T16:06:25.830+03:00
9216;"Rēzeknes Kr. Valdemāra ielas Mego pakomāts";0;LV;Rēzekne;;;;"Kr. Valdemāra iela";;16A;;27.335793;56.514032;;;;;;;;;"Pa labi no ieejas";;2024-06-21T13:45:16.887+03:00
9556;"Rēzeknes Stacijas ielas 20A pakomāts";0;LV;Rēzekne;;;;"Stacijas iela";;20A;;27.347198;56.518046;;;;;;;;;"Pa kreisi no ieejas
";;2024-06-25T16:28:38.697+03:00
9111;"Rīgas A. Briāna ielas RIMI pakomāts";0;LV;Rīga;;;;"Krišjāņa Valdemāra iela";;62A;;24.131107;56.966025;;;;;;;;;"Pa labi no galvenās ieejas";;2025-01-09T09:17:17.313+02:00
9169;"Rīgas A. Deglava 110 Rimi pakomāts";0;LV;Rīga;;;;"Augusta Deglava iela";;110;;24.193661;56.947535;;;;;;;;;"Pa labi no ieejas";;2025-01-09T09:18:46.630+02:00
9902;"Rīgas Anniņmuižas bulvāra RIMI pakomāts";0;LV;Rīga;;;;"Anniņmuižas bulvāris";;40A;;24.012615;56.960407;;;;;;;;;"Blakus T/C centrālajai ieejai";;2025-01-09T09:14:27.977+02:00
9623;"Rīgas Anniņmuižas ielas 8a LIDL pakomāts";0;LV;Rīga;;;;"Anniņmuižas iela";;8A;;24.010545;56.945743;;;;;;;;;"Pa labi no ieejas
";;2024-11-11T10:31:53.283+02:00
9562;"Rīgas Artilērijas ielas 40 pakomāts";0;LV;Rīga;;;;"Artilērijas iela";;40;;24.143329;56.956798;;;;;;;;;"Teritorijā
";;2025-01-03T15:08:10.163+02:00
9116;"Rīgas Autoostas pakomāts";0;LV;Rīga;;;;"Prāgas iela";;1;;24.114689;56.945046;;;;;;;;;"Ieeja autoostā blakus kanālam";;2023-09-29T13:24:16.350+03:00
9528;"Rīgas Avotu ielas 17 pakomāts";0;LV;Rīga;;;;"Avotu iela";;17;;24.129981;56.950666;;;;;;;;;"Stavlaukuma teritorijā
";;2025-01-03T15:18:48.087+02:00
9521;"Rīgas BARONS KVARTĀLS pakomāts";0;LV;Rīga;;;;"Cēsu iela";;31;;24.141625;56.965999;;;;;;;;;"Pa labi no iebrauktuves
";;2025-01-03T15:03:57.190+02:00
9282;"Rīgas Baltāsbaznīcas ielas MEGO pakomāts";0;LV;Rīga;;;;"Baltāsbaznīcas iela";;42;;24.090578;57.036674;;;;;;;;;"Pa kreisi no ieejas
";;2024-06-25T10:33:01.880+03:00
9231;"Rīgas Berģu ielas Senās Bodes pakomāts";0;LV;Rīga;;;;"Berģu iela";;72B;;24.290162;56.990888;;;;;;;;;"Pa kreisi no ieejas
";;2024-06-25T09:04:40.547+03:00
9160;"Rīgas Biķernieku ielas 16a MEGO pakomāts";0;LV;Rīga;;;;"Biķernieku iela";;16A;;24.180611;56.970468;;;;;;;;;"Pa labi no ieejas
";;2024-10-15T11:09:06.047+03:00
9530;"Rīgas Biķernieku ielas 98 Mego pakomāts";0;LV;Rīga;;;;"Biķernieku iela";;98;;24.234920;56.960778;;;;;;;;;"Veikala teritorijā
";;2023-09-29T13:44:03.333+03:00
9933;"Rīgas Biķernieku ielas RIMI pakomāts";0;LV;Rīga;;;;"Biķernieku iela";;"160 k-6";;24.253370;56.956909;;;;;;;;;"Blakus T/C centrālajai ieejai";;2024-06-26T13:52:33.787+03:00
9252;"Rīgas Bolderājas Lats pakomāts";0;LV;Rīga;;;;"Lemešu iela";;20;;24.051120;57.032690;;;;;;;;;"Pa labi no ieejas
";;2024-06-25T10:00:51.870+03:00
9960;"Rīgas Bolderājas Mego pakomāts";0;LV;Rīga;;;;"Gobas iela";;13;;24.048143;57.033239;;;;;;;;;"Blakus T/C centrālai ieejai";;2025-01-09T09:12:51.587+02:00
9975;"Rīgas Botāniskā dārza Maxima pakomāts";0;LV;Rīga;;;;"Dzirciema iela";;1;;24.053630;56.949429;;;;;;;;;"Pa labi no T/C Centrālās ieejas";;2025-01-13T12:01:28.687+02:00
9968;"Rīgas Brīvības g. 253 Neste pakomāts";0;LV;Rīga;;;;"Brīvības gatve";;253;;24.181891;56.978119;;;;;;;;;"DUS teritorijā";;2024-06-27T13:42:12.920+03:00
9174;"Rīgas Brīvības gatves 386 Neste pakomāts";0;LV;Rīga;;;;"Brīvības gatve";;386;;24.219941;56.986521;;;;;;;;;"DUS teritorijā";;2023-09-29T14:33:25.933+03:00
9567;"Rīgas Brīvības gatves 404 RIMI pakomāts";0;LV;Rīga;;;;"Brīvības gatve";;404;;24.227993;56.987422;;;;;;;;;"Pa kreisi no veikala ieejas
";;2023-09-29T14:33:53.277+03:00
9625;"Rīgas Brīvības ielas 254 LIDL pakomāts";0;LV;Rīga;;;;"Brīvības gatve";;254;;24.174249;56.975255;;;;;;;;;"Pa kreisi no ieejas
";;2024-12-14T13:12:35.863+02:00
9115;"Rīgas Brīvības ielas 35 pakomāts";0;LV;Rīga;;;;"Brīvības iela";;35;;24.119659;56.955587;;;;;;;;;"Autostāvvietas teritorijā";;2023-09-29T14:34:23.190+03:00
9281;"Rīgas Brīvības ielas 78a pakomāts";0;LV;Rīga;;;;"Brīvības iela";;78A;;24.126120;56.958658;;;;;;;;;"Autostāvvietas teritorijā
";;2024-06-25T10:31:43.913+03:00
9504;"Rīgas Buļļu ielas 35 Aibe pakomāts";0;LV;Rīga;;;;"Buļļu iela";;35;;24.051383;56.968907;;;;;;;;;"Pa kreisi no ieejas aiz stūra
";;2024-06-25T14:40:39.270+03:00
9946;"Rīgas Bērnu pasaules RIMI pakomāts";0;LV;Rīga;;;;"Matīsa iela";;25;;24.134079;56.957136;;;;;;;;;"Pa kreisi no ieejas, Kr. Barona ielas pusē
";;2025-01-03T15:02:44.080+02:00
9514;"Rīgas Bērnu slimnīcas pakomāts";0;LV;Rīga;;;;"Vienības gatve";;45;;24.087040;56.922036;;;;;;;;;"Slimnīcas teritorijā
";;2024-06-25T15:11:01.853+03:00
9533;"Rīgas Dammes tirgus pakomāts";0;LV;Rīga;;;;"Dammes iela";;36A;;24.010384;56.965969;;;;;;;;;"Pa labi no ieejas
";;2025-01-03T15:21:49.943+02:00
9502;"Rīgas Daugavgrīvas ielas TOP pakomāts";0;LV;Rīga;;;;"Daugavgrīvas iela";;72;;24.070227;56.957462;;;;;;;;;"Pa kreisi no galvenās ieejas
";;2024-03-26T14:36:15.880+02:00
9904;"Rīgas Deglava ielas Maxima XXX pakomāts";0;LV;Rīga;;;;"Augusta Deglava iela";;67;;24.186979;56.950617;;;;;;;;;"Pa kreisi no T/C centrālās ieejas";;2025-01-31T08:52:50.047+02:00
9608;"Rīgas Duntes Biroji pakomāts";0;LV;Rīga;;;;"Duntes iela";;6;;24.136918;56.977938;;;;;;;;;"Teritorijā
";;2024-12-16T13:34:49.940+02:00
9143;"Rīgas Duntes ielas Neste pakomāts";0;LV;Rīga;;;;"Dambja iela";;10;;24.130643;56.987889;;;;;;;;;"DUS teritorijā";;2024-06-21T10:17:04.987+03:00
9621;"Rīgas Dzelzavas ielas 75 LIDL pakomāts";0;LV;Rīga;;;;"Dzelzavas iela";;75B;;24.200430;56.955793;;;;;;;;;"Pa labi no ieejas aiz stūra
";;2024-11-11T14:01:01.903+02:00
9544;"Rīgas Dzelzavas ielas 78 RIMI pakomāts";0;LV;Rīga;;;;"Dzelzavas iela";;78;;24.200320;56.954489;;;;;;;;;"Pa kreisi no ieejas
";;2024-06-25T16:22:41.227+03:00
9962;"Rīgas Dzelzavas ielas 86 Mini RIMI pakomāts";0;LV;Rīga;;;;"Dzelzavas iela";;86;;24.204955;56.954144;;;;;;;;;"Pa labi no T/C Centrālās ieejas";;2024-07-31T09:22:32.383+03:00
9171;"Rīgas Elizabetes ielas 81 pakomāts";0;LV;Rīga;;;;"Elizabetes iela";;81;;24.121591;56.950652;;;;;;;;;"Pie autostāvvietas iebrauktuves";;2025-02-27T10:39:41.747+02:00
9602;"Rīgas F. Sadovņikova ielas 14 RIMI pakomāts";0;LV;Rīga;;;;"Firsa Sadovņikova iela";;14;;24.133308;56.941184;;;;;;;;;"Pa labi no ieejas
";;2024-11-06T13:57:17.740+02:00
9909;"Rīgas G. Astras ielas VIADA pakomāts";0;LV;Rīga;;;;"Gunāra Astras iela";;7;;24.189278;56.956886;;;;;;;;;"DUS VIADA teritorijā";;2024-06-26T11:17:29.400+03:00
9908;"Rīgas Gramzdas RIMI pakomāts";0;LV;Rīga;;;;"Imantas 15. līnija";;7;;24.011006;56.944584;;;;;;;;;"Pa kreisi no centrālās ieejas";;2024-06-26T11:16:35.620+03:00
9274;"Rīgas Graudu ielas Mego pakomāts";0;LV;Rīga;;;;"Graudu iela";;10;;24.107669;56.912616;;;;;;;;;"Pa labi no centrālās ieejas
";;2024-06-25T10:26:02.300+03:00
9972;"Rīgas Grostonas ielas Maxima XXX pakomāts";0;LV;Rīga;;;;"Grostonas iela";;1;;24.119061;56.964547;;;;;;;;;"Pa labi no T/C Centrālās ieejas";;2024-06-26T16:05:31.397+03:00
9295;"Rīgas Hipokrāta ielas FIX PRICE pakomāts";0;LV;Rīga;;;;"Hipokrāta iela";;26;;24.239307;56.959975;;;;;;;;;"Pa labi no ieejas
";;2024-06-25T14:33:54.840+03:00
9185;"Rīgas Jaunciema gatves Maxima X pakomāts";0;LV;Rīga;;;;"Jaunciema gatve";;174;;24.173750;57.043955;;;;;;;;;"Pa kreisi no ieejas";;2024-06-21T12:39:21.647+03:00
9261;"Rīgas Juglas ielas 25 MINI RIMI pakomāts";0;LV;Rīga;;;;"Juglas iela";;25;;24.249639;56.982773;;;;;;;;;"Pa kreisi no ieejas
";;2025-01-03T15:09:46.517+02:00
9164;"Rīgas Juglas ielas 45 Maxima pakomāts";0;LV;Rīga;;;;"Juglas iela";;45;;24.253292;56.978237;;;;;;;;;"Pa labi no aptiekas ieejas
";;2025-01-08T16:50:10.493+02:00
9161;"Rīgas Jūrmalas gatves RIMI pakomāts";0;LV;Rīga;;;;"Anniņmuižas bulvāris";;90;;24.007918;56.954165;;;;;;;;;"Pa kreisi no ieejas";;2025-01-09T09:14:49.443+02:00
9622;"Rīgas Kalnciema ielas 38 LIDL pakomāts";0;LV;Rīga;;;;"Kalnciema iela";;38;;24.066924;56.942633;;;;;;;;;"Pa kreisi no ieejas
";;2024-11-21T11:44:35.723+02:00
9147;"Rīgas Kalnciema ielas RIMI pakomāts";0;LV;Rīga;;;;"Kalnciema iela";;41;;24.062696;56.942354;;;;;;;;;"Pie ieejas veikalā";;2024-06-21T10:20:32.813+03:00
9522;"Rīgas Kalpaka bulvāra 14A pakomāts";0;LV;Rīga;;;;"Kalpaka bulvāris";;14A;;24.104985;56.958384;;;;;;;;;"Pa labi no ieejas
";;2025-01-03T15:14:31.217+02:00
9178;"Rīgas Katoļu ielas Neste pakomāts";0;LV;Rīga;;;;"Katoļu iela";;4;;24.138074;56.940763;;;;;;;;;"DUS teritorijā";;2025-01-09T09:17:42.843+02:00
9150;"Rīgas Kleistu ielas Mego pakomāts";0;LV;Rīga;;;;"Kleistu iela";;9;;24.022067;56.962575;;;;;;;;;"Pa kreisi no ieejas";;2024-06-21T10:26:04.983+03:00
9610;"Rīgas Kr. Barona ielas 136 pakomāts";0;LV;Rīga;;;;"Krišjāņa Barona iela";;136;;24.150519;56.966882;;;;;;;;;;;2025-01-20T10:13:43.147+02:00
9939;"Rīgas Kr. Valdemāra ielas 112 RIMI pakomāts";0;LV;Rīga;;;;"Krišjāņa Valdemāra iela";;112;;24.135998;56.974503;;;;;;;;;"Blakus stāvlaukumam Valdemāra ielas pusē";;2025-01-09T09:16:47.017+02:00
9251;"Rīgas Kurzemes prospekta 15a Neste pakomāts";0;LV;Rīga;;;;"Kurzemes prospekts";;15A;;24.035603;56.961834;;;;;;;;;"DUS teritorijā
";;2023-09-29T13:21:54.717+03:00
9123;"Rīgas Kurzemes prospekta Mego pakomāts";0;LV;Rīga;;;;"Kurzemes prospekts";;132;;24.000171;56.962186;;;;;;;;;"Pa kreisi no ieejas";;2025-01-09T09:14:05.320+02:00
9551;"Rīgas Latgales ielas 256B RIMI pakomāts";0;LV;Rīga;;;;"Latgales iela";;256B;;24.178018;56.910936;;;;;;;;;"Pa kreisi no ieejas
";;2024-03-13T11:17:06.357+02:00
9620;"Rīgas Latgales ielas 414 LIDL pakomāts";0;LV;Rīga;;;;"Latgales iela";;414;;24.209165;56.896927;;;;;;;;;"Pa labi no ieejas
";;2024-11-08T12:33:37.597+02:00
9512;"Rīgas Latgales ielas 427b Neste pakomāts";0;LV;Rīga;;;;"Latgales iela";;427B;;24.210763;56.897641;;;;;;;;;"DUS teritorijā
";;2024-06-25T15:09:48.213+03:00
9597;"Rīgas Lidoņu ielas 3 MAXIMA X pakomāts";0;LV;Rīga;;;;"Lidoņu iela";;3;;24.071240;56.970815;;;;;;;;;"Pa kreisi no ieejas
";;2024-09-18T10:51:25.623+03:00
9122;"Rīgas Lidoņu ielas Mego pakomāts";0;LV;Rīga;;;;"Lidoņu iela";;"27 k-1";;24.059747;56.968914;;;;;;;;;"Autostāvvietas teritorijā";;2025-01-03T15:20:02.730+02:00
9250;"Rīgas Liepājas ielas Maxima X pakomāts";0;LV;Rīga;;;;"Liepājas iela";;76A;;24.055888;56.924158;;;;;;;;;"Pa labi no veikala ieejas
";;2024-06-25T09:36:30.337+03:00
9628;"Rīgas Lubānas ielas 113a LIDL pakomāts";0;LV;Rīga;;;;"Lubānas iela";;113A;;24.197502;56.932503;;;;;;;;;"Pa labi no ieejas
";;2024-12-16T13:36:42.423+02:00
9540;"Rīgas Lāčplēša ielas 57 pakomāts";0;LV;Rīga;;;;"Lāčplēša iela";;57;;24.130841;56.951800;;;;;;;;;"Teritorijā
";;2025-01-03T15:20:33.067+02:00
9907;"Rīgas Mazās stacijas ielas Drogas pakomāts";0;LV;Rīga;;;;"Mazā Stacijas iela";;2A;;24.051041;56.959834;;;;;;;;;"Pie aptiekas Dzirciema ielas pusē";;2024-06-26T11:15:23.293+03:00
9173;"Rīgas Miera ielas 2 pakomāts";0;LV;Rīga;;;;"Miera iela";;2;;24.129450;56.960288;;;;;;;;;"Pretī laukumam
";;2024-06-21T11:28:03.263+03:00
9596;"Rīgas MĒBEĻU NAMS pakomāts";0;LV;Rīga;;;;"Dzelzavas iela";;72;;24.189542;56.955530;;;;;;;;;"Stavlaukuma teritorijā
";;2024-03-27T17:13:16.893+02:00
9976;"Rīgas Mīlgrāvja ielas RIMI pakomāts ";0;LV;Rīga;;;;"Mīlgrāvja iela";;14;;24.139263;57.025539;;;;;;;;;"Pa labi no ieejas
";;2024-06-26T16:09:25.387+03:00
9177;"Rīgas Mūkusalas Maxima XX pakomāts";0;LV;Rīga;;;;"Mūkusalas iela";;73;;24.106749;56.922959;;;;;;;;;"Pa labi no ieejas";;2023-09-29T13:28:48.767+03:00
9112;"Rīgas Nīcgales ielas 53 T/C GREEN pakomāts";0;LV;Rīga;;;;"Nīcgales iela";;53;;24.173276;56.945157;;;;;;;;;"Pa labi no ieejas";;2025-01-09T09:18:23.460+02:00
9903;"Rīgas P. Brieža ielas RIMI pakomāts";0;LV;Rīga;;;;"Pulkveža Brieža iela";;33;;24.105871;56.964867;;;;;;;;;"Blakus T/C centrālajai ieejai";;2023-12-05T06:03:19.277+02:00
9538;"Rīgas PEPSI CENTRS pakomāts";0;LV;Rīga;;;;"Uzvaras bulvāris";;10;;24.090939;56.938791;;;;;;;;;"Pa labi no ieejas
";;2023-09-29T13:31:47.560+03:00
9151;"Rīgas Parādes ielas Mego pakomāts";0;LV;Rīga;;;;"Parādes iela";;5B;;24.028616;57.039927;;;;;;;;;"Pa labi no ieejas";;2025-01-09T09:13:13.637+02:00
9629;"Rīgas Prūšu ielas 1 LIDL pakomāts";0;LV;Rīga;;;;"Prūšu iela";;1;;24.180583;56.916033;;;;;;;;;"Pa labi no ieejas
";;2024-12-16T13:40:45.487+02:00
9129;"Rīgas Prūšu ielas 2 Mego pakomāts";0;LV;Rīga;;;;"Prūšu iela";;2;;24.177618;56.914860;;;;;;;;;"Pa labi no ieejas";;2023-09-29T13:32:15.507+03:00
9179;"Rīgas Prūšu ielas 22a Mego pakomāts";0;LV;Rīga;;;;"Prūšu iela";;22A;;24.188408;56.913259;;;;;;;;;"Pa kreisi no ieejas";;2023-09-29T13:32:39.790+03:00
9573;"Rīgas Purvciema ielas Beta pakomāts";0;LV;Rīga;;;;"Purvciema iela";;35;;24.175622;56.953518;;;;;;;;;"Pa labi no ieejas aiz stūra
";;2023-09-29T13:39:33.080+03:00
9591;"Rīgas Pētersalas ielas Maxima pakomāts";0;LV;Rīga;;;;"Pētersalas iela";;18B;;24.100792;56.968672;;;;;;;;;"Pa kreisi no ieejas
";;2024-09-18T10:51:57.600+03:00
9176;"Rīgas Rītupes ielas Maxima X pakomāts";0;LV;Rīga;;;;"Rītupes iela";;2;;24.167999;56.932168;;;;;;;;;"Pa kreisi no ieejas";;2025-01-09T09:18:05.993+02:00
9977;"Rīgas S. Eizenšteina ielas 29 pakomāts";0;LV;Rīga;;;;"Sergeja Eizenšteina iela";;29;;24.232268;56.969052;;;;;;;;;"Autostāvietā pie apsarga būdas";;2024-06-26T16:12:15.807+03:00
9626;"Rīgas S. Eizenšteina ielas 81 LIDL pakomāts";0;LV;Rīga;;;;"Sergeja Eizenšteina iela";;81;;24.231176;56.959891;;;;;;;;;"Pa labi no ieejas
";;2024-11-21T15:28:55.650+02:00
9906;"Rīgas Saharova ielas 14 Mego pakomāts";0;LV;Rīga;;;;"Andreja Saharova iela";;14;;24.204168;56.937157;;;;;;;;;"Blakus T/C centrālajai ieejai";;2025-01-03T15:28:49.247+02:00
9277;"Rīgas Saharova ielas 2 MEGO pakomāts";0;LV;Rīga;;;;"Andreja Saharova iela";;2;;24.202673;56.933268;;;;;;;;;"Pa kreisi no ieejas
";;2025-01-03T15:11:22.877+02:00
9605;"Rīgas Saharova ielas 23 RIMI pakomāts";0;LV;Rīga;;;;"Andreja Saharova iela";;23A;;24.202747;56.939049;;;;;;;;;"Pa labi no ieejas
";;2025-01-27T13:23:04.257+02:00
9175;"Rīgas Saharova ielas Maxima XXX pakomāts";0;LV;Rīga;;;;"Andreja Saharova iela";;20A;;24.207170;56.940965;;;;;;;;;"Blakus veikala Jysk ieejai";;2025-01-16T11:01:57.363+02:00
9278;"Rīgas Sporta Pils dārzu pakomāts";0;LV;Rīga;;;;"Lielgabalu iela";;4;;24.134489;56.958622;;;;;;;;;"Pa kreisi no ieejas
";;2024-06-25T10:29:43.567+03:00
9286;"Rīgas Stabu ielas 24 pakomāts";0;LV;Rīga;;;;"Stabu iela";;24;;24.126483;56.957000;;;;;;;;;"Stāvvietas teritorijā
";;2024-11-07T15:28:36.510+02:00
9109;"Rīgas Stirnu ielas RIMI pakomāts";0;LV;Rīga;;;;"Stirnu iela";;26;;24.185951;56.958986;;;;;;;;;"Pa labi no ieejas";;2025-01-03T15:16:48.933+02:00
9937;"Rīgas T/C A7 pakomāts";0;LV;"Ķekavas novads";"Ķekavas pagasts";Krustkalni;;;Džutas;;;24.139598;56.895823;;;;;;;;;"Blakus T/C centrālajai ieejai";;2024-06-26T14:05:58.680+03:00
9901;"Rīgas T/C AKROPOLE Alfa pakomāts";0;LV;Rīga;;;;"Brīvības gatve";;372;;24.203503;56.982670;;;;;;;;;;;2025-01-30T09:37:20.747+02:00
9101;"Rīgas T/C Akropole pakomāts";0;LV;Rīga;;;;"Latgales iela";;257;;24.175240;56.923813;;;;;;;;;"Lokomotīves ielas pusē pie ieejas blakus rampām";;2024-03-13T11:16:23.713+02:00
9180;"Rīgas T/C Aleja pakomāts ";0;LV;Rīga;;;;"Vienības gatve";;194A;;24.078595;56.896874;;;;;;;;;"T/C Stāvvietā pie RIMI drive-in";;2025-01-03T15:16:23.780+02:00
9571;"Rīgas T/C Augusts pakomāts";0;LV;Rīga;;;;"Andreja Saharova iela";;30;;24.208929;56.945368;;;;;;;;;"Pa labi no ieejas
";;2023-09-29T14:34:39.340+03:00
9113;"Rīgas T/C DOMINA pakomāts";0;LV;Rīga;;;;"Ieriķu iela";;3;;24.161228;56.966325;;;;;;;;;"Pa kreisi no galvenās ieejas";;2023-09-29T14:36:23.240+03:00
9935;"Rīgas T/C Damme pakomāts";0;LV;Rīga;;;;"Kurzemes prospekts";;1A;;24.037701;56.953259;;;;;;;;;"Blakus T/C ieejai";;2024-06-26T13:55:30.703+03:00
9905;"Rīgas T/C Dole pakomāts";0;LV;Rīga;;;;"Latgales iela";;357;;24.191275;56.905645;;;;;;;;;"Pie kāpnēm, kas ved uz 2. stāva ieeju";;2025-01-15T14:12:15.420+02:00
9188;"Rīgas T/C Gaiļezers pakomāts";0;LV;Rīga;;;;"Gaiļezera iela";;8;;24.236748;56.968075;;;;;;;;;"Blakus T/C centrālai ieejai";;2024-06-21T12:42:51.607+03:00
9520;"Rīgas T/C Galleria Riga pakomāts";0;LV;Rīga;;;;"Dzirnavu iela";;67;;24.120572;56.954501;;;;;;;;;"Pazemes stāvlaukumā
";;2025-01-03T15:26:35.100+02:00
9181;"Rīgas T/C IXO pakomāts";0;LV;Rīga;;;;"Anniņmuižas iela";;17;;24.017936;56.943368;;;;;;;;;"Pa kreisi no ieejas";;2024-06-21T12:34:51.907+03:00
9915;"Rīgas T/C Juglas Centrs pakomāts";0;LV;Rīga;;;;"Juglas krastmala";;2;;24.245097;56.989574;;;;;;;;;"Pie stāvlaukuma Juglas ielas pusē";;2025-02-24T11:47:22.543+02:00
9954;"Rīgas T/C Minska pakomāts";0;LV;Rīga;;;;"Nīcgales iela";;2;;24.174548;56.959053;;;;;;;;;"Pa labi no T/C ieejas";;2024-06-26T14:53:05.093+03:00
9911;"Rīgas T/C Mols pakomāts";0;LV;Rīga;;;;"Krasta iela";;46;;24.142799;56.934696;;;;;;;;;"Blakus iebrauktuvei uz daudzstāvu autostāvvietu";;2025-01-03T15:17:29.100+02:00
9934;"Rīgas T/C Olimpia pakomāts";0;LV;Rīga;;;;"Āzenes iela";;5;;24.081280;56.949924;;;;;;;;;"Blakus iebrauktuvei pazemes autostāvvietā";;2025-01-03T15:24:35.527+02:00
9965;"Rīgas T/C Origo pakomāts";0;LV;Rīga;;;;"Stacijas laukums";;2;;24.118524;56.946970;;;;;;;;;"Pa kreisi no pulksteņa ieejas.";;2025-01-03T15:18:29.197+02:00
9529;"Rīgas T/C Ozols pakomāts";0;LV;Rīga;;;;"Mazā Rencēnu iela";;1;;24.179811;56.927824;;;;;;;;;"Pa kreisi no ieejas
";;2023-09-29T14:40:54.580+03:00
9114;"Rīgas T/C Riga Plaza pakomāts";0;LV;Rīga;;;;"Mūkusalas iela";;71;;24.103152;56.926608;;;;;;;;;"Pa kreisi no Ņujorkas ieejas";;2024-08-20T14:26:43.383+03:00
9914;"Rīgas T/C Spice pakomāts";0;LV;Rīga;;;;"Lielirbes iela";;29;;24.036562;56.929756;;;;;;;;;"Blakus E ieejai uz RIMI ";;2023-09-29T14:42:47.217+03:00
9279;"Rīgas T/C Sāga pakomāts";0;LV;"Ropažu novads";"Stopiņu pagasts";Dreiliņi;;"Biķeru iela";;4;;24.253664;56.950478;;;;;;;;;"Pa labi no ieejas
";;2024-06-25T10:30:13.827+03:00
9159;"Rīgas T/C Teika Plaza pakomāts";0;LV;Rīga;;;;"Brīvības gatve";;201;;24.162946;56.974645;;;;;;;;;"Pa labi no ieejas";;2024-10-30T11:18:45.117+02:00
9233;"Rīgas T/C Venta pakomāts";0;LV;Rīga;;;;"Zolitūdes iela";;34;;23.999918;56.949028;;;;;;;;;"Pa kreisi no ieejas
";;2024-06-25T09:07:19.270+03:00
9995;"Rīgas T/C ZOOM pakomāts";0;LV;Rīga;;;;"Latgales iela";;400;;24.204341;56.897933;;;;;;;;;"T/C labajā pusē";;2024-12-03T12:58:25.153+02:00
9609;"Rīgas Tallinas ielas 86 pakomāts";0;LV;Rīga;;;;"Tallinas iela";;86;;24.148001;56.956606;;;;;;;;;"Teritorijā
";;2024-12-16T13:41:10.247+02:00
9128;"Rīgas Tilta ielas RIMI pakomāts";0;LV;Rīga;;;;"Tilta iela";;32;;24.129916;56.995475;;;;;;;;;"Pa kreisi no ieejas";;2025-01-03T15:26:58.057+02:00
9172;"Rīgas Tēriņu ielas 55 pakomāts";0;LV;Rīga;;;;"Tēriņu iela";;55;;24.069128;56.914683;;;;;;;;;"Pa kreisi no ieejas";;2024-06-21T11:27:35.670+03:00
9971;"Rīgas Ulbrokas ielas Maxima X pakomāts (ILGĀKA PIEGĀDE)";0;LV;Rīga;;;;"Ulbrokas iela";;4;;24.216527;56.940813;;;;;;;;;"Pa kreisi no T/C Centrālās ieejas";;2025-03-26T12:49:45.077+02:00
9574;"Rīgas Vaidavas ielas RIMI pakomāts";0;LV;Rīga;;;;"Vaidavas iela";;9B;;24.176979;56.961992;;;;;;;;;"Pa kreisi no ieejas
";;2024-06-26T09:35:21.007+03:00
9519;"Rīgas Vaidelotes ielas RIMI pakomāts";0;LV;Rīga;;;;"Vaidelotes iela";;11A;;24.052435;56.966010;;;;;;;;;"Pa labi no ieejas aiz stūra
";;2023-09-29T14:45:30.923+03:00
9215;"Rīgas Valdeķu ielas 10 Maxima X pakomāts";0;LV;Rīga;;;;"Valdeķu iela";;10;;24.097515;56.915883;;;;;;;;;"Pa labi no ieejas";;2025-01-09T09:16:14.887+02:00
9630;"Rīgas Valdeķu ielas 39A LIDL pakomāts";0;LV;Rīga;;;;"Valdeķu iela";;39A;;24.093474;56.906065;;;;;;;;;"Pa kreisi no ieejas
";;2024-12-16T13:40:29.003+02:00
9547;"Rīgas Valmieras ielas 2 pakomāts";0;LV;Rīga;;;;"Valmieras iela";;2;;24.142868;56.947055;;;;;;;;;"Pa labi no ieejas
";;2025-01-03T15:23:44.517+02:00
9144;"Rīgas Valsts Ieņēmumu Dienesta pakomāts";0;LV;Rīga;;;;"Talejas iela";;1;;24.170110;56.990924;;;;;;;;;"Pa labi no ieejas";;2023-12-13T13:24:55.727+02:00
9146;"Rīgas Vecmīlgrāvja Maxima X pakomāts";0;LV;Rīga;;;;"Augusta Dombrovska iela";;74;;24.098121;57.036187;;;;;;;;;"Blakus T/C centrālai ieejai";;2025-01-03T15:12:55.473+02:00
9959;"Rīgas Vecmīlgrāvja RIMI pakomāts";0;LV;Rīga;;;;"Augusta Dombrovska iela";;23;;24.109413;57.031557;;;;;;;;;"Blakus T/C centrālai ieejai";;2025-01-09T09:12:24.147+02:00
9604;"Rīgas Vecmīlgrāvja VIADA pakomāts";0;LV;Rīga;;;;"Emmas iela";;45;;24.117722;57.033892;;;;;;;;;"Pa labi no ieejas
";;2024-12-19T09:18:15.940+02:00
9191;"Rīgas Vecāķu ELVI pakomāts";0;LV;Rīga;;;;"Mangaļu prospekts";;29;;24.102267;57.070489;;;;;;;;;"Pa kreisi no ieejas";;2024-06-21T12:45:09.753+03:00
9912;"Rīgas Vienības gatves 144 Neste pakomāts";0;LV;Rīga;;;;"Vienības gatve";;144;;24.087246;56.910175;;;;;;;;;"DUS Neste teritorijā labajā pusē no Narvessen";;2024-06-26T11:35:04.970+03:00
9254;"Rīgas Viestura prospekta 35a TOP pakomāts";0;LV;Rīga;;;;"Viestura prospekts";;35A;;24.130064;57.000553;;;;;;;;;"Pie ēkas sienas stāvlaukumā
";;2025-03-20T19:47:00.247+02:00
9546;"Rīgas Zalves ielas TOP pakomāts";0;LV;Rīga;;;;"Zalves iela";;46A;;24.036425;56.938942;;;;;;;;;"Pa kreisi no ieejas
";;2025-01-03T15:24:55.463+02:00
9961;"Rīgas Ziepniekkalna MEGO pakomāts";0;LV;Rīga;;;;"Dižozolu iela";;2;;24.094935;56.902811;;;;;;;;;"Blakus T/C centrālai ieejai";;2025-01-03T15:08:50.993+02:00
9964;"Rīgas Āgenskalna Maxima X pakomāts";0;LV;Rīga;;;;"Pilsoņu iela";;"1 k-1";;24.070808;56.937048;;;;;;;;;"Pa kreisi no T/C Centrālās ieejas";;2024-06-26T15:01:06.857+03:00
9103;"Rīgas Āgenskalna RIMI pakomāts";0;LV;Rīga;;;;"Mārupes iela";;10A;;24.072957;56.931969;;;;;;;;;"Pa labi no T/C Centrālās ieejas";;2023-08-31T14:07:54.887+03:00
9253;"Rīgas Čiekurkalna MEGO pakomāts";0;LV;Rīga;;;;"Čiekurkalna 4. šķērslīnija";;4;;24.170515;56.983580;;;;;;;;;"Pa kreisi no veikala ieejas
";;2025-01-03T15:25:14.810+02:00
9607;"Rīgas Ķīšezera ielas 6 RIMI pakomāts";0;LV;Rīga;;;;"Ķīšezera iela";;6;;24.165822;56.992033;;;;;;;;;"Pa labi no ieejas
";;2024-11-21T12:02:39.343+02:00
77797;"Rūdiškių NORFA paštomatas";0;LT;"Vilniaus apskr.";"Trakų r. sav.";"Rūdiškių m.";;"Trakų g.";;10A;;24.834814;54.521332;;;;;;;;;;"Paštomatą rasite lauke prie sienos, dešinėje įėjimo į parduotuvę pusėje";2024-03-22T06:03:45.903+02:00
9991;"Rūjienas TOP pakomāts";0;LV;"Valmieras novads";Rūjiena;;;"Brīvības iela";;8;;25.324603;57.897406;;;;;;;;;"Pa kreisi no ieejas";;2024-07-01T14:49:15.070+03:00
96199;"Saaremaa Kaubamaja pakiautomaat";0;EE;"Saare maakond";"Saaremaa vald";"Kuressaare linn";;"Raekoja tn";;1;;22.485396;58.251815;;;;;;;;;;;2025-01-08T11:46:36.177+02:00
9285;"Sabiles Citro pakomāts";0;LV;"Talsu novads";Sabile;;;"Ventspils iela";;9;;22.571153;57.046274;;;;;;;;;"Pa labi no ieejas
";;2024-06-25T14:29:03.933+03:00
96050;"Saku Coop Ehituskeskuse pakiautomaat";0;EE;"Harju maakond";"Saku vald";"Saku alevik";;"Tallinna mnt";;6;;24.669534;59.302034;;;;;;;;;;;2025-01-17T13:10:29.293+02:00
96301;"Saku Selveri pakiautomaat";0;EE;"Harju maakond";"Saku vald";"Saku alevik";;"Üksnurme tee";;2;;24.656249;59.293669;;;;;;;;;;;2025-01-08T15:18:58.750+02:00
75595;"Saku postipunkt";1;EE;"Harju maakond";"Saku vald";"Saku alevik";;"Teaduse tn";;13;;24.660717;59.296916;"E,K,R 13:00-19:00 T,N,L,P SULETUD;Ligipääs ratastooliga";;;;;;;;;;2025-02-13T13:56:16.330+02:00
9121;"Salacgrīvas Maxima X pakomāts";0;LV;"Limbažu novads";Salacgrīva;;;"Vidzemes iela";;3A;;24.359121;57.751796;;;;;;;;;"Pa labi no ieejas";;2024-06-21T09:20:55.430+03:00
99554;"Salantų SALA paštomatas";0;LT;"Klaipėdos apskr.";"Kretingos r. sav.";"Salantų m.";;"Turgaus a.";;2;;21.572054;56.059542;;;;;;;;;;;2024-11-25T11:56:33.353+02:00
9624;"Salaspils LIDL pakomāts";0;LV;"Salaspils novads";Salaspils;;;"Skolas iela";;4A;;24.335591;56.855651;;;;;;;;;"Pa labi no ieejas
";;2025-01-29T14:13:34.490+02:00
9517;"Salaspils Miera ielas AIBE pakomāts";0;LV;"Salaspils novads";Salaspils;;;"Miera iela";;24;;24.368246;56.863366;;;;;;;;;"Pa kreisi no ieejas
";;2024-08-13T08:31:50.353+03:00
9219;"Salaspils Rīgas ielas ELVI pakomāts";0;LV;"Salaspils novads";Salaspils;;;"Rīgas iela";;24;;24.343618;56.855198;;;;;;;;;"Pa kreisi no ieejas
";;2024-06-21T14:12:08.877+03:00
9523;"Salaspils Rīgas ielas TOP pakomāts";0;LV;"Salaspils novads";Salaspils;;;"Rīgas iela";;48;;24.354495;56.872211;;;;;;;;;"Pa kreisi no ieejas
";;2023-09-29T14:52:20.213+03:00
9947;"Salaspils Skolas ielas RIMI pakomāts";0;LV;"Salaspils novads";Salaspils;;;"Skolas iela";;4E;;24.336498;56.854819;;;;;;;;;"Blakus T/C centrālajai ieejai";;2025-01-03T15:23:05.733+02:00
9936;"Saldus Brīvības ielas Maxima XX pakomāts";0;LV;"Saldus novads";Saldus;;;"Brīvības iela";;30;;22.490301;56.668266;;;;;;;;;"Blakus T/C ieejai";;2023-09-29T09:38:11.277+03:00
9513;"Saldus Kalna ielas AIBE KAIVA pakomāts";0;LV;"Saldus novads";Saldus;;;"Kalna iela";;20;;22.481549;56.666889;;;;;;;;;"Pa kreisi no ieejas
";;2023-09-29T09:38:33.943+03:00
9555;"Saldus Lielās ielas Lats pakomāts";0;LV;"Saldus novads";Saldus;;;"Lielā iela";;73;;22.481002;56.655980;;;;;;;;;"Pa kreisi no ieejas
";;2023-09-29T09:38:49.097+03:00
9208;"Saldus Striķu ielas Maxima X pakomāts";0;LV;"Saldus novads";Saldus;;;"Striķu iela";;10C;;22.495103;56.665591;;;;;;;;;"Pa kreisi no ieejas";;2024-06-21T13:38:41.443+03:00
96318;"Salme Coop Konsumi pakiautomaat";0;EE;"Saare maakond";"Saaremaa vald";"Salme alevik";;"Sõrve mnt";;2;;22.250273;58.164439;;;;;;;;;;;2025-01-08T16:29:03.693+02:00
93294;"Salme postipunkt";1;EE;"Saare maakond";"Saaremaa vald";"Salme alevik";;"Sõrve mnt";;5;;22.251243;58.163520;"E,T,K 09:00-12:00, 13:00-16:00 N 10:00-12:00, 13:00-17:00 R 09:00-12:00, 13:00-14:00 L,P SULETUD;Ligipääs ratastooliga";;;;;;;;;;2025-03-21T14:19:13.720+02:00
96351;"Sangaste pakiautomaat";0;EE;"Valga maakond";"Otepää vald";"Sangaste alevik";;"Valga mnt";;11;;26.327290;57.924917;;;;;;;;;;;2025-01-09T15:28:53.530+02:00
96184;"Saue Grossi pakiautomaat";0;EE;"Harju maakond";"Saue vald";"Saue linn";;"Pärnasalu põik";;1b;;24.556448;59.322081;;;;;;;;;;;2025-01-08T11:40:52.090+02:00
96055;"Saue Kaubakeskuse pakiautomaat";0;EE;"Harju maakond";"Saue vald";"Saue linn";;"Ridva tn";;15;;24.552558;59.324906;;;;;;;;;;;2025-01-17T13:11:46.467+02:00
96148;"Sauga Coop Konsumi pakiautomaat";0;EE;"Pärnu maakond";"Tori vald";"Sauga alevik";;"Kuldnoka tn";;1;;24.497332;58.429088;;;;;;;;;;;2025-01-08T10:55:38.340+02:00
9241;"Saulkalnes Lats pakomāts";0;LV;"Salaspils novads";"Salaspils pagasts";Saulkalne;;"Daugavmalas iela";;24A;;24.433750;56.844631;;;;;;;;;"Pa labi no ieejas
";;2023-09-29T14:54:13.573+03:00
9560;"Saulkrastu Ainažu ielas ELVI pakomāts";0;LV;"Saulkrastu novads";Saulkrasti;;;"Ainažu iela";;28A;;24.416138;57.271342;;;;;;;;;"Pa kreisi no ieejas
";;2023-09-29T14:55:10.500+03:00
9149;"Saulkrastu TOP pakomāts";0;LV;"Saulkrastu novads";Saulkrasti;;;"Rīgas iela";;51;;24.401234;57.243198;;;;;;;;;"Pa labi no ieejas";;2024-06-21T10:23:47.270+03:00
9501;"Sauriešu DELFĪNS pakomāts";0;LV;"Ropažu novads";"Stopiņu pagasts";Saurieši;;"Kazāru iela";;4;;24.363531;56.918342;;;;;;;;;"Pa labi no ieejas
";;2023-09-29T14:55:41.660+03:00
96368;"Saverna pakiautomaat";0;EE;"Põlva maakond";"Kanepi vald";"Saverna küla";;"Kooli tee";;5;;26.737364;58.070708;;;;;;;;;;;2025-01-09T16:16:19.740+02:00
99058;"Sedos AIBĖ paštomatas";0;LT;"Telšių apskr.";"Mažeikių r. sav.";"Sedos m.";;"V. Gadono g.";;1;;22.090965;56.168232;;;;;;;;;;;2024-01-19T06:03:20.357+02:00
9986;"Siguldas ELVI Vidus iela pakomāts";0;LV;"Siguldas novads";Sigulda;;;"Vidus iela";;1;;24.847944;57.153237;;;;;;;;;"Pa labi no T/C Centrālās ieejas";;2023-09-29T14:56:02.483+03:00
9235;"Siguldas Kr. Barona ielas Beta pakomāts";0;LV;"Siguldas novads";Sigulda;;;"Krišjāņa Barona iela";;6;;24.867607;57.158862;;;;;;;;;"Pa labi no ieejas
";;2024-06-25T09:08:16.067+03:00
9255;"Siguldas L. Paegles ielas Maxima pakomāts";0;LV;"Siguldas novads";Sigulda;;;"Leona Paegles iela";;3;;24.849864;57.157018;;;;;;;;;"Pa kreisi no centrālās ieejas
";;2024-06-25T10:03:16.727+03:00
9256;"Siguldas T/C Gāles Nams pakomāts";0;LV;"Siguldas novads";Sigulda;;;"Gāles iela";;23A;;24.860589;57.143335;;;;;;;;;"Pa kreisi no centrālās ieejas
";;2024-06-25T10:03:42.013+03:00
9932;"Siguldas T/C Šokolāde pakomāts";0;LV;"Siguldas novads";Sigulda;;;"Strēlnieku iela";;2;;24.844282;57.143288;;;;;;;;;"Blakus T/C centrālajai ieejai";;2024-06-26T13:52:08.477+03:00
19098;"Sikupilli postkontor";1;EE;"Harju maakond";Tallinn;"Lasnamäe linnaosa";;"Tartu mnt";;87;;24.784057;59.426410;"E,T,K,N,R 10:00-19:00 L 10:00-15:00 P SULETUD;Ligipääs ratastooliga";;;;;;;;;;2025-03-03T10:25:14.280+02:00
96054;"Sillamäe Coop Maksimarketi pakiautomaat";0;EE;"Ida-Viru maakond";"Sillamäe linn";;;"Viru pst";;5a;;27.777892;59.391665;;;;;;;;;;;2025-01-17T13:11:32.010+02:00
96222;"Sillamäe Viru pst Maxima X pakiautomaat";0;EE;"Ida-Viru maakond";"Sillamäe linn";;;"Viru pst";;35;;27.790681;59.391200;;;;;;;;;;;2024-07-08T10:31:41.393+03:00
40201;"Sillamäe postkontor";1;EE;"Ida-Viru maakond";"Sillamäe linn";;;"Viru pst";;2a;;27.775857;59.392822;"E,T,K,N,R 09:00-18:00 L,P SULETUD;Ligipääs ratastooliga";;;;;;;;;;2025-02-13T13:52:06.913+02:00
55540;"Simno KOOPS paštomatas";0;LT;"Alytaus apskr.";"Alytaus r. sav.";"Simno m.";;"Alytaus g.";;3;;23.650367;54.383568;;;;;;;;;;"Paštomatą rasite lauke prie šoninės sienos, kairėje įėjimo į parduotuvę pusėje, už kampo";2023-12-28T10:31:27.627+02:00
96285;"Simuna pakiautomaat";0;EE;"Lääne-Viru maakond";"Väike-Maarja vald";"Simuna alevik";;"Lai tn";;5;;26.403833;59.045717;;;;;;;;;;;2025-01-08T10:54:03.013+02:00
96316;"Sindi Maxima X pakiautomaat";0;EE;"Pärnu maakond";"Tori vald";"Sindi linn";;"Pärnu mnt";;57;;24.659602;58.407817;;;;;;;;;;;2025-01-08T16:24:18.467+02:00
9203;"Skaistkalnes VESKO pakomāts";0;LV;"Bauskas novads";"Skaistkalnes pagasts";Skaistkalne;;"Rīgas iela";;3;;24.644852;56.379178;;;;;;;;;"Pa labi no ieejas";;2024-06-21T13:33:24.723+03:00
55566;"Skaudvilės MAXIMA paštomatas";0;LT;"Tauragės apskr.";"Tauragės r. sav.";"Skaudvilės m.";;"Turgaus a.";;16;;22.582332;55.407266;;;;;;;;;;"Paštomatą rasite lauke prie šoninės sienos, kairėje įėjimo į parduotuvę pusėje, už kampo";2025-01-24T09:32:24.317+02:00
9992;"Skrundas ELVI pakomāts";0;LV;"Kuldīgas novads";Skrunda;;;"Ventas iela";;13;;22.013661;56.673477;;;;;;;;;"Veikala aizmugurē, pretī autoostai";;2024-06-27T09:20:55.617+03:00
9190;"Skrīveru TOP pakomāts";0;LV;"Aizkraukles novads";"Skrīveru pagasts";Skrīveri;;"Daugavas iela";;97;;25.120851;56.649729;;;;;;;;;"Pa labi no ieejas";;2024-06-21T12:44:28.120+03:00
77718;"Skuodo MAXIMA Mosėdžio g. paštomatas";0;LT;"Klaipėdos apskr.";"Skuodo r. sav.";"Skuodo m.";;"Mosėdžio g.";;2;;21.531304;56.267784;;;;;;;;;;"Paštomatą rasite lauke prie sienos iš Mosėdžio g. pusės";2024-01-19T06:03:20.930+02:00
9585;"Slampes pakomāts";0;LV;"Tukuma novads";"Slampes pagasts";Slampe;;;"Zemgales 3";;;23.296179;56.849849;;;;;;;;;"Pa labi no ieejas
";;2024-06-26T09:51:55.317+03:00
9565;"Smiltenes Daugavas ielas TOP pakomāts";0;LV;"Smiltenes novads";Smiltene;;;"Daugavas iela";;1B;;25.899838;57.426206;;;;;;;;;"Pa labi no ieejas
";;2023-09-29T11:59:08.423+03:00
9516;"Smiltenes Rīgas ielas TOP pakomāts";0;LV;"Smiltenes novads";Smiltene;;;"Rīgas iela";;5;;25.891370;57.420463;;;;;;;;;"Pa labi no centrālās ieejas
";;2024-06-25T15:12:51.157+03:00
9955;"Smiltenes T/C Centrs pakomāts";0;LV;"Smiltenes novads";Smiltene;;;"Baznīcas laukums";;2;;25.903996;57.423920;;;;;;;;;"Pa kreisi no T/C ieejas";;2025-01-03T15:27:49.717+02:00
96383;"Soinaste Kaasiku Coop Konsumi pakiautomaat";0;EE;"Tartu maakond";"Kambja vald";"Soinaste küla";;"Kaasiku tn";;35;;26.727525;58.330143;;;;;;;;;;;2025-01-30T15:06:15.180+02:00
9535;"Stendes Brīvības ielas Citro pakomāts";0;LV;"Talsu novads";Stende;;;"Brīvības iela";;12;;22.535508;57.147067;;;;;;;;;"Pa labi no ieejas
";;2023-09-29T09:39:36.660+03:00
9196;"Straupes VIADA pakomāts";0;LV;"Cēsu novads";"Straupes pagasts";Straupe;;;Aleta;;;24.951342;57.351468;;;;;;;;;"Pa kreisi no ieejas";;2025-01-09T09:04:05.550+02:00
9139;"Strenču TOP pakomāts";0;LV;"Valmieras novads";Strenči;;;"Valkas iela";;2;;25.688814;57.627039;;;;;;;;;"Blakus T/C centrālajai ieejai";;2025-01-09T09:04:43.023+02:00
55501;"Sudervės AIBĖ paštomatas";0;LT;"Vilniaus apskr.";"Vilniaus r. sav.";"Sudervės k.";;"Vilniaus g.";;17;;25.091028;54.779111;;;;;;;;;;"Paštomatą rasite lauke prie sienos, dešinėje įėjimo į parduotuvę pusėje";2024-03-24T06:03:35.717+02:00
9508;"Suntažu AIBE pakomāts";0;LV;"Ogres novads";"Suntažu pagasts";Suntaži;;;Rīts;;;24.928982;56.903737;;;;;;;;;"Pa kreisi no ieejas
";;2024-08-27T08:46:21.340+03:00
96231;"Suure-Jaani Tervisekoja pakiautomaat";0;EE;"Viljandi maakond";"Põhja-Sakala vald";"Suure-Jaani linn";;"Pärnu tn";;4;;25.465458;58.535702;;;;;;;;;;;2025-01-08T11:59:25.900+02:00
71594;"Suure-Jaani postipunkt";1;EE;"Viljandi maakond";"Põhja-Sakala vald";"Suure-Jaani linn";;"Pärnu tn";;3;;25.465324;58.536368;"E,N,R 10:00-16:00 T,K,L,P SULETUD";;;;;;;;;;2025-02-13T13:56:39.440+02:00
96346;"Tabasalu Keskuse pakiautomaat";0;EE;"Harju maakond";"Harku vald";"Tabasalu alevik";;"Kallaste tn";;7;;24.549959;59.428985;;;;;;;;;;;2025-01-09T15:27:16.043+02:00
96071;"Tabasalu Rimi pakiautomaat";0;EE;"Harju maakond";"Harku vald";"Tabasalu alevik";;"Klooga mnt";;10b;;24.543398;59.429912;;;;;;;;;;;2025-01-17T11:12:09.947+02:00
76991;"Tabasalu postkontor";1;EE;"Harju maakond";"Harku vald";"Tabasalu alevik";;"Klooga mnt";;10b;;24.543648;59.430059;"E,T,K,N,R 10:00-18:00 L,P SULETUD;Ligipääs ratastooliga";;;;;;;;;;2025-03-07T20:16:03.273+02:00
96212;"Tabivere Saadjärve Coop kaupluse pakiautomaat";0;EE;"Tartu maakond";"Tartu vald";"Tabivere alevik";;"Kalda tn";;1;;26.599997;58.551919;;;;;;;;;;;2025-01-08T11:53:23.100+02:00
96262;"Taebla Bussijaama pakiautomaat";0;EE;"Lääne maakond";"Lääne-Nigula vald";"Taebla alevik";;"Haapsalu mnt";;9;;23.743381;58.956549;;;;;;;;;;;2025-01-08T12:10:18.910+02:00
96003;"Tallinna Akadeemia Coop Konsumi pakiautomaat";0;EE;"Harju maakond";Tallinn;"Mustamäe linnaosa";;"Akadeemia tee";;35;;24.655613;59.403370;;;;;;;;;;;2025-01-17T11:13:25.873+02:00
96133;"Tallinna Arsenali Keskuse pakiautomaat";0;EE;"Harju maakond";Tallinn;"Põhja-Tallinna linnaosa";;"Erika tn";;14;;24.718214;59.451157;;;;;;;;;;;2025-01-17T13:49:18.367+02:00
96001;"Tallinna Balti Jaama pakiautomaat";0;EE;"Harju maakond";Tallinn;"Põhja-Tallinna linnaosa";;Toompuiestee;;37;;24.736474;59.439807;;;;;;;;;;;2025-02-06T08:14:58.980+02:00
96258;"Tallinna Balti Jaama turu pakiautomaat";0;EE;"Harju maakond";Tallinn;"Põhja-Tallinna linnaosa";;"Kopli tn";;1;;24.734591;59.440884;;;;;;;;;;;2025-01-08T12:08:58.900+02:00
96219;"Tallinna Coca-Cola Plaza pakiautomaat";0;EE;"Harju maakond";Tallinn;"Kesklinna linnaosa";;"Hobujaama tn";;5;;24.757091;59.438374;;;;;;;;;;;2025-01-08T11:55:08.997+02:00
96153;"Tallinna Donte Ärikeskuse pakiautomaat";0;EE;"Harju maakond";Tallinn;"Kesklinna linnaosa";;"Pärnu mnt";;142;;24.736499;59.410291;;;;;;;;;;;2025-01-08T11:00:05.633+02:00
96216;"Tallinna Ehitajate tee Grossi pakiautomaat";0;EE;"Harju maakond";Tallinn;"Mustamäe linnaosa";;"Ehitajate tee";;41;;24.668363;59.401747;;;;;;;;;;;2025-01-08T11:54:26.257+02:00
96303;"Tallinna Ehitajate tee Maxima XXX pakiautomaat";0;EE;"Harju maakond";Tallinn;"Haabersti linnaosa";;"Ehitajate tee";;148;;24.651429;59.420604;;;;;;;;;;;2025-01-08T15:20:05.183+02:00
96111;"Tallinna Haabersti Rimi pakiautomaat";0;EE;"Harju maakond";Tallinn;"Haabersti linnaosa";;"Haabersti tn";;1;;24.644102;59.424517;;;;;;;;;;;2025-01-17T13:38:19.537+02:00
96202;"Tallinna Idakeskuse pakiautomaat";0;EE;"Harju maakond";Tallinn;"Lasnamäe linnaosa";;"Punane tn";;16;;24.823852;59.432084;;;;;;;;;;;2025-01-08T11:50:20.897+02:00
96400;"Tallinna Jannseni Maxima X pakiautomaat";0;EE;"Harju maakond";Tallinn;"Nõmme linnaosa";;"Vabaduse pst";;128;;24.665049;59.373317;;;;;;;;;;;2025-01-10T13:31:02.313+02:00
96195;"Tallinna Juhkentali Rimi pakiautomaat";0;EE;"Harju maakond";Tallinn;"Kesklinna linnaosa";;"Juhkentali tn";;35;;24.770370;59.427539;;;;;;;;;;;2025-01-08T11:45:24.420+02:00
96016;"Tallinna Järve Keskuse pakiautomaat";0;EE;"Harju maakond";Tallinn;"Nõmme linnaosa";;"Pärnu mnt";;238;;24.723341;59.393520;;;;;;;;;;;2025-01-17T11:17:02.297+02:00
96138;"Tallinna Järveotsa Grossi pakiautomaat";0;EE;"Harju maakond";Tallinn;"Haabersti linnaosa";;"Järveotsa tee";;35b;;24.640639;59.407278;;;;;;;;;;;2025-01-17T13:48:26.847+02:00
96018;"Tallinna Kadaka Selveri pakiautomaat";0;EE;"Harju maakond";Tallinn;"Mustamäe linnaosa";;"Kadaka tee";;56a;;24.666952;59.412235;;;;;;;;;;;2025-01-17T11:17:36.013+02:00
96015;"Tallinna Kakumäe Selveri pakiautomaat";0;EE;"Harju maakond";Tallinn;"Haabersti linnaosa";;"Rannamõisa tee";;6;;24.626459;59.428507;;;;;;;;;;;2025-01-17T11:16:50.417+02:00
96237;"Tallinna Kari Grossipoe pakiautomaat";0;EE;"Harju maakond";Tallinn;"Põhja-Tallinna linnaosa";;"Kari tn";;3;;24.697798;59.447618;;;;;;;;;;;2025-01-08T12:01:00.237+02:00
96190;"Tallinna Kivila Grossi pakiautomaat";0;EE;"Harju maakond";Tallinn;"Lasnamäe linnaosa";;"Kivila tn";;26;;24.872824;59.443720;;;;;;;;;;;2025-01-08T11:44:02.790+02:00
96069;"Tallinna Kolde Rimi pakiautomaat";0;EE;"Harju maakond";Tallinn;"Põhja-Tallinna linnaosa";;"Sõle tn";;27;;24.707627;59.438651;;;;;;;;;;;2025-01-17T13:16:43.633+02:00
96226;"Tallinna Kollase keskuse pakiautomaat";0;EE;"Harju maakond";Tallinn;"Haabersti linnaosa";;"Õismäe tee";;107;;24.637690;59.411587;;;;;;;;;;;2025-01-08T11:56:59.753+02:00
96007;"Tallinna Kristiine Keskuse pakiautomaat";0;EE;"Harju maakond";Tallinn;"Kristiine linnaosa";;"Endla tn";;45;;24.725468;59.425773;;;;;;;;;;;2025-01-17T11:14:29.720+02:00
96162;"Tallinna Kärberi Keskuse pakiautomaat";0;EE;"Harju maakond";Tallinn;"Lasnamäe linnaosa";;"K. Kärberi tn";;20;;24.882320;59.445338;;;;;;;;;;;2025-01-08T11:31:56.693+02:00
96041;"Tallinna Lasnamäe Centrumi pakiautomaat";0;EE;"Harju maakond";Tallinn;"Lasnamäe linnaosa";;"Mustakivi tee";;13;;24.865373;59.440997;;;;;;;;;;;2025-01-17T11:22:21.133+02:00
96066;"Tallinna Lasnamäe Prisma pakiautomaat";0;EE;"Harju maakond";Tallinn;"Lasnamäe linnaosa";;"Mustakivi tee";;17;;24.863035;59.442965;;;;;;;;;;;2025-01-17T13:16:03.807+02:00
96180;"Tallinna Lastekodu Grossi pakiautomaat";0;EE;"Harju maakond";Tallinn;"Kesklinna linnaosa";;"Lastekodu tn";;14;;24.768273;59.430299;;;;;;;;;;;2025-01-08T11:38:13.793+02:00
96116;"Tallinna Linnamäe Maxima XXX pakiautomaat";0;EE;"Harju maakond";Tallinn;"Lasnamäe linnaosa";;"Linnamäe tee";;57;;24.880353;59.450026;;;;;;;;;;;2025-01-17T13:46:41.980+02:00
96173;"Tallinna Läänemere Selveri pakiautomaat";0;EE;"Harju maakond";Tallinn;"Lasnamäe linnaosa";;"Läänemere tee";;28;;24.874099;59.452606;;;;;;;;;;;2025-01-08T11:35:54.987+02:00
96086;"Tallinna Magdaleena pakiautomaat";0;EE;"Harju maakond";Tallinn;"Kesklinna linnaosa";;"Pärnu mnt";;106;;24.739149;59.414992;;;;;;;;;;;2025-01-17T11:36:18.813+02:00
96056;"Tallinna Magistrali Keskuse pakiautomaat";0;EE;"Harju maakond";Tallinn;"Mustamäe linnaosa";;"Sõpruse pst";;201;;24.697046;59.401372;;;;;;;;;;;2025-01-17T13:12:03.017+02:00
96098;"Tallinna Marienthali keskuse pakiautomaat";0;EE;"Harju maakond";Tallinn;"Kristiine linnaosa";;"Mustamäe tee";;16;;24.697158;59.422699;;;;;;;;;;;2025-01-17T11:42:07.233+02:00
96129;"Tallinna Merimetsa Selveri pakiautomaat";0;EE;"Harju maakond";Tallinn;"Põhja-Tallinna linnaosa";;"Paldiski mnt";;56;;24.697194;59.430016;;;;;;;;;;;2025-01-17T13:50:08.350+02:00
96010;"Tallinna Mustakivi Keskuse pakiautomaat";0;EE;"Harju maakond";Tallinn;"Lasnamäe linnaosa";;"Mahtra tn";;1;;24.874044;59.442406;;;;;;;;;;;2025-01-17T11:15:33.780+02:00
96141;"Tallinna Mustamäe Keskuse pakiautomaat";0;EE;"Harju maakond";Tallinn;"Mustamäe linnaosa";;"A. H. Tammsaare tee";;104a;;24.689152;59.408292;;;;;;;;;;;2025-01-17T13:47:15.987+02:00
96115;"Tallinna Mustika Keskuse pakiautomaat";0;EE;"Harju maakond";Tallinn;"Mustamäe linnaosa";;"Karjavälja tn";;4;;24.682702;59.410280;;;;;;;;;;;2025-01-17T13:44:38.130+02:00
96380;"Tallinna Mähe Grossi pakiautomaat";0;EE;"Harju maakond";Tallinn;"Pirita linnaosa";;"Randvere tee";;115;;24.879067;59.490945;;;;;;;;;;;2025-01-09T16:20:52.590+02:00
96236;"Tallinna Männiku Rimi pakiautomaat";0;EE;"Harju maakond";Tallinn;"Nõmme linnaosa";;"Männiku tee";;100;;24.716356;59.371964;;;;;;;;;;;2025-01-08T12:00:44.673+02:00
96174;"Tallinna Nautica Keskuse pakiautomaat";0;EE;"Harju maakond";Tallinn;"Kesklinna linnaosa";;"Ahtri tn";;9;;24.762318;59.440763;;;;;;;;;;;2025-01-08T11:36:08.560+02:00
96004;"Tallinna Nurmenuku pakiautomaat";0;EE;"Harju maakond";Tallinn;"Haabersti linnaosa";;"Ehitajate tee";;107;;24.654758;59.414396;;;;;;;;;;;2025-01-17T11:13:46.527+02:00
96327;"Tallinna Nõmme tee 23 Maxima X pakiautomaat";0;EE;"Harju maakond";Tallinn;"Kristiine linnaosa";;"Nõmme tee";;23;;24.721360;59.417796;;;;;;;;;;;2024-02-27T13:08:33.493+02:00
96101;"Tallinna Nõmme turu pakiautomaat";0;EE;"Harju maakond";Tallinn;"Nõmme linnaosa";;"Turu plats";;8;;24.683427;59.388861;;;;;;;;;;;2025-01-17T11:42:36.450+02:00
96193;"Tallinna Paasiku Grossi pakiautomaat";0;EE;"Harju maakond";Tallinn;"Lasnamäe linnaosa";;"Paasiku tn";;2a;;24.844889;59.448618;;;;;;;;;;;2025-01-08T11:44:52.557+02:00
96131;"Tallinna Paepargi Maxima XX pakiautomaat";0;EE;"Harju maakond";Tallinn;"Lasnamäe linnaosa";;"Paepargi tn";;57;;24.811635;59.435160;;;;;;;;;;;2025-01-17T13:49:41.187+02:00
96146;"Tallinna Pallasti pakiautomaat";0;EE;"Harju maakond";Tallinn;"Lasnamäe linnaosa";;"Pallasti tn";;28;;24.792250;59.430188;;;;;;;;;;;2025-01-08T10:52:38.280+02:00
96017;"Tallinna Pelgulinna Selveri pakiautomaat";0;EE;"Harju maakond";Tallinn;"Põhja-Tallinna linnaosa";;"Sõle tn";;51;;24.700754;59.444612;;;;;;;;;;;2025-01-17T11:17:17.187+02:00
96205;"Tallinna Pirita Keskuse pakiautomaat";0;EE;"Harju maakond";Tallinn;"Pirita linnaosa";;"Merivälja tee";;24;;24.835133;59.468486;;;;;;;;;;;2025-01-08T11:51:02.783+02:00
96012;"Tallinna Pirita Selveri pakiautomaat";0;EE;"Harju maakond";Tallinn;"Pirita linnaosa";;"Rummu tee";;4;;24.827687;59.462298;;;;;;;;;;;2025-01-17T11:15:48.063+02:00
96083;"Tallinna Punane 50 pakiautomaat";0;EE;"Harju maakond";Tallinn;"Lasnamäe linnaosa";;"Punane tn";;50;;24.844177;59.435681;;;;;;;;;;;2025-01-17T11:35:21.657+02:00
96304;"Tallinna Pärnu mnt 390b Maxima X pakiautomaat";0;EE;"Harju maakond";Tallinn;"Nõmme linnaosa";;"Pärnu mnt";;390;;24.659253;59.380379;;;;;;;;;;;2025-01-08T15:20:25.677+02:00
96008;"Tallinna Pääsküla RIMI pakiautomaat";0;EE;"Harju maakond";Tallinn;"Nõmme linnaosa";;"Pärnu mnt";;453e;;24.630545;59.360991;;;;;;;;;;;2025-01-17T11:14:49.530+02:00
96181;"Tallinna Põhja pst Neste pakiautomaat";0;EE;"Harju maakond";Tallinn;"Põhja-Tallinna linnaosa";;"Põhja pst";;17a;;24.743526;59.444468;;;;;;;;;;;2025-01-08T11:38:28.757+02:00
96373;"Tallinna Rannamõisa Lidl pakiautomaat";0;EE;"Harju maakond";Tallinn;"Haabersti linnaosa";;"Rannamõisa tee";;12a;;24.610681;59.430798;;;;;;;;;;;2025-01-09T16:17:39.697+02:00
96084;"Tallinna Raudalu Coop Konsumi pakiautomaat";0;EE;"Harju maakond";Tallinn;"Nõmme linnaosa";;"Viljandi mnt";;41a;;24.759516;59.366249;;;;;;;;;;;2025-01-17T11:35:44.760+02:00
96005;"Tallinna Rocca al Mare pakiautomaat";0;EE;"Harju maakond";Tallinn;"Haabersti linnaosa";;"Paldiski mnt";;102;;24.653359;59.426429;;;;;;;;;;;2025-01-17T11:14:01.257+02:00
96009;"Tallinna Sikupilli pakiautomaat";0;EE;"Harju maakond";Tallinn;"Lasnamäe linnaosa";;"Tartu mnt";;87b;;24.785391;59.425876;;;;;;;;;;;2025-01-17T11:15:10.797+02:00
96080;"Tallinna Smuuli Maxima XX pakiautomaat";0;EE;"Harju maakond";Tallinn;"Lasnamäe linnaosa";;"J. Smuuli tee";;9;;24.822486;59.443633;;;;;;;;;;;2025-01-17T11:20:06.133+02:00
96406;"Tallinna Solaris Keskuse pakiautomaat";0;EE;"Harju maakond";Tallinn;"Kesklinna linnaosa";;"Estonia pst";;9;;24.750785;59.433860;;;;;;;;;;;2025-03-05T08:16:08.907+02:00
96057;"Tallinna Stockmanni pakiautomaat";0;EE;"Harju maakond";Tallinn;"Kesklinna linnaosa";;"Liivalaia tn";;53;;24.761180;59.431700;;;;;;;;;;;2025-01-17T13:12:19.437+02:00
96154;"Tallinna Stroomi Keskuse pakiautomaat";0;EE;"Harju maakond";Tallinn;"Põhja-Tallinna linnaosa";;"Tuulemaa tn";;20;;24.692322;59.446947;;;;;;;;;;;2025-01-08T11:26:32.360+02:00
96014;"Tallinna Sõpruse Rimi pakiautomaat";0;EE;"Harju maakond";Tallinn;"Kristiine linnaosa";;"Sõpruse pst";;174;;24.707578;59.414724;;;;;;;;;;;2025-01-17T11:16:22.260+02:00
96306;"Tallinna Sõpruse pst 171 Maxima X pakiautomaat";0;EE;"Harju maakond";Tallinn;"Mustamäe linnaosa";;"Sõpruse pst";;171;;24.704124;59.407356;;;;;;;;;;;2025-01-08T15:21:01.390+02:00
96175;"Tallinna Sütiste Maxima X pakiautomaat";0;EE;"Harju maakond";Tallinn;"Mustamäe linnaosa";;"J. Sütiste tee";;28;;24.690921;59.397717;;;;;;;;;;;2025-01-08T11:36:22.313+02:00
96323;"Tallinna T1 Keskuse pakiautomaat";0;EE;"Harju maakond";Tallinn;"Lasnamäe linnaosa";;"Peterburi tee";;2;;24.796426;59.424749;;;;;;;;;;;2025-01-08T16:31:38.750+02:00
96372;"Tallinna Talleke ja Pullike pakiautomaat";0;EE;"Harju maakond";Tallinn;"Haabersti linnaosa";;"Kakumäe tee";;42;;24.594272;59.443224;;;;;;;;;;;2025-01-09T16:17:23.713+02:00
96404;"Tallinna Taltech pakiautomaat";0;EE;"Harju maakond";Tallinn;"Mustamäe linnaosa";;"Akadeemia tee";;5a;;24.668283;59.396694;;;;;;;;;;;2025-01-10T13:32:40.120+02:00
96305;"Tallinna Tammsaare Maxima XX pakiautomaat";0;EE;"Harju maakond";Tallinn;"Mustamäe linnaosa";;"A. H. Tammsaare tee";;133;;24.675657;59.408964;;;;;;;;;;;2025-01-08T15:20:46.073+02:00
96214;"Tallinna Tammsaare Ärikeskuse pakiautomaat";0;EE;"Harju maakond";Tallinn;"Kristiine linnaosa";;"A. H. Tammsaare tee";;47;;24.716312;59.401454;;;;;;;;;;;2025-01-08T11:53:52.423+02:00
96347;"Tallinna Tatari 51 pakiautomaat";0;EE;"Harju maakond";Tallinn;"Kesklinna linnaosa";;"Tatari tn";;51;;24.747485;59.424676;;;;;;;;;;;2025-01-09T15:27:36.933+02:00
96240;"Tallinna Tatari Rimi pakiautomaat";0;EE;"Harju maakond";Tallinn;"Kesklinna linnaosa";;"Tatari tn";;64;;24.744329;59.425230;;;;;;;;;;;2025-01-08T12:04:19.823+02:00
96058;"Tallinna Telliskivi Rimi pakiautomaat";0;EE;"Harju maakond";Tallinn;"Põhja-Tallinna linnaosa";;"Telliskivi tn";;61;;24.730230;59.441534;;;;;;;;;;;2025-01-17T13:12:37.087+02:00
96006;"Tallinna Tondi Selveri pakiautomaat";0;EE;"Harju maakond";Tallinn;"Kristiine linnaosa";;"A. H. Tammsaare tee";;62;;24.714367;59.403079;;;;;;;;;;;2025-01-17T11:14:14.993+02:00
96194;"Tallinna Tondiraba Maxima XX pakiautomaat";0;EE;"Harju maakond";Tallinn;"Lasnamäe linnaosa";;"Tondiraba tn";;7;;24.855714;59.450831;;;;;;;;;;;2025-01-08T11:45:09.140+02:00
96038;"Tallinna Torupilli Selveri pakiautomaat";0;EE;"Harju maakond";Tallinn;"Kesklinna linnaosa";;"Vesivärava tn";;37;;24.780674;59.432211;;;;;;;;;;;2025-01-17T11:21:26.597+02:00
96302;"Tallinna Tähesaju Selveri pakiautomaat";0;EE;"Harju maakond";Tallinn;"Lasnamäe linnaosa";;"Tähesaju tee";;1;;24.850299;59.441760;;;;;;;;;;;2025-01-08T15:19:22.317+02:00
96185;"Tallinna Tööstuse Rimi pakiautomaat";0;EE;"Harju maakond";Tallinn;"Põhja-Tallinna linnaosa";;"Tööstuse tn";;101;;24.704878;59.453357;;;;;;;;;;;2025-01-08T11:41:05.213+02:00
96145;"Tallinna Valdeku Maxima X pakiautomaat";0;EE;"Harju maakond";Tallinn;"Nõmme linnaosa";;"Valdeku tn";;114;;24.712072;59.376315;;;;;;;;;;;2025-01-08T10:50:50.297+02:00
96132;"Tallinna Valdeku Selver ABC pakiautomaat";0;EE;"Harju maakond";Tallinn;"Nõmme linnaosa";;"Vabaduse pst";;54b;;24.700960;59.381385;;;;;;;;;;;2025-03-19T15:51:37.437+02:00
96215;"Tallinna Vikerlase Rimi pakiautomaat";0;EE;"Harju maakond";Tallinn;"Lasnamäe linnaosa";;"Vikerlase tn";;19;;24.843896;59.439263;;;;;;;;;;;2025-01-08T11:54:08.377+02:00
96143;"Tallinna Vilde tee Maxima XX pakiautomaat";0;EE;"Harju maakond";Tallinn;"Mustamäe linnaosa";;"E. Vilde tee";;75;;24.686321;59.402791;;;;;;;;;;;2025-01-08T10:51:18.553+02:00
96104;"Tallinna Viru Keskuse bussiterminali pakiautomaat";0;EE;"Harju maakond";Tallinn;"Kesklinna linnaosa";;"Viru väljak";;4;;24.756196;59.436135;;;;;;;;;;;2025-01-17T11:43:22.787+02:00
96103;"Tallinna Õismäe Maxima XX pakiautomaat";0;EE;"Harju maakond";Tallinn;"Haabersti linnaosa";;"Õismäe tee";;46;;24.647600;59.411406;;;;;;;;;;;2025-01-17T11:42:59.303+02:00
96208;"Tallinna Ülemiste City Selveri pakiautomaat";0;EE;"Harju maakond";Tallinn;"Lasnamäe linnaosa";;"Sepapaja tn";;2;;24.802435;59.421651;;;;;;;;;;;2025-01-08T11:52:07.510+02:00
96059;"Tallinna Ümera Maxima XX pakiautomaat";0;EE;"Harju maakond";Tallinn;"Lasnamäe linnaosa";;"Laagna tee";;80;;24.888873;59.444363;;;;;;;;;;;2025-01-17T13:12:53.167+02:00
9238;"Talsu Dundagas ielas Citro pakomāts";0;LV;"Talsu novads";Talsi;;;"Dundagas iela";;21;;22.579408;57.251203;;;;;;;;;"Pa labi no ieejas
";;2024-06-25T09:13:53.627+03:00
9931;"Talsu Dundagas ielas RIMI pakomāts";0;LV;"Talsu novads";Talsi;;;"Dundagas iela";;18;;22.578781;57.248009;;;;;;;;;"Blakus T/C centrālajai ieejai";;2024-06-26T13:51:30.353+03:00
9135;"Talsu Rīgas ielas Maxima XX pakomāts";0;LV;"Talsu novads";Talsi;;;"Rīgas iela";;8;;22.585088;57.238631;;;;;;;;;"Blakus T/C centrālajai ieejai";;2023-09-29T09:40:40.690+03:00
9239;"Talsu T/C Talsu Centrs pakomāts";0;LV;"Talsu novads";Talsi;;;"Lielā iela";;2;;22.586479;57.244895;;;;;;;;;"Pa labi no ieejas
";;2024-06-25T09:27:20.380+03:00
96252;"Tammiste Coop Konsumi pakiautomaat";0;EE;"Pärnu maakond";"Tori vald";"Tammiste küla";;"Kellukese tee";;2;;24.607759;58.388933;;;;;;;;;;;2025-01-08T12:07:11.837+02:00
96120;"Tamsalu Grossi pakiautomaat";0;EE;"Lääne-Viru maakond";"Tapa vald";"Tamsalu linn";;"Tehnika tn";;24;;26.112495;59.162278;;;;;;;;;;;2025-01-17T13:47:57.357+02:00
46194;"Tamsalu postipunkt";1;EE;"Lääne-Viru maakond";"Tapa vald";"Tamsalu linn";;"Raudtee tn";;5;;26.112984;59.160224;"E,T,K,N,R 10:00-17:00 L,P SULETUD;Ligipääs ratastooliga";;;;;;;;;;2025-02-25T15:48:22.480+02:00
96092;"Tapa Grossi pakiautomaat";0;EE;"Lääne-Viru maakond";"Tapa vald";"Tapa linn";;"Jaama tn";;1;;25.963418;59.264462;;;;;;;;;;;2025-01-17T11:39:19.567+02:00
96308;"Tapa Maxima X pakiautomaat";0;EE;"Lääne-Viru maakond";"Tapa vald";"Tapa linn";;"Pikk tn";;33;;25.967518;59.259250;;;;;;;;;;;2025-01-08T15:50:14.377+02:00
45191;"Tapa postipunkt";1;EE;"Lääne-Viru maakond";"Tapa vald";"Tapa linn";;"Pikk tn";;3;;25.964807;59.264606;"E,T,N,R 09:00-12:00 K 15:00-18:00 L,P SULETUD;Ligipääs ratastooliga";;;;;;;;;;2025-03-06T20:00:45.907+02:00
96310;"Tartu Aardla Selveri pakiautomaat";0;EE;"Tartu maakond";"Tartu linn";"Tartu linn";;"Võru tn";;77;;26.720610;58.357237;;;;;;;;;;;2025-01-08T15:50:48.887+02:00
96319;"Tartu Anne 40 Maxima X pakiautomaat";0;EE;"Tartu maakond";"Tartu linn";"Tartu linn";;"Anne tn";;40;;26.750278;58.378618;;;;;;;;;;;2025-01-08T16:29:24.927+02:00
96126;"Tartu Anne Selveri pakiautomaat";0;EE;"Tartu maakond";"Tartu linn";"Tartu linn";;"Kalda tee";;43;;26.767025;58.368377;;;;;;;;;;;2025-03-19T13:17:30.150+02:00
96376;"Tartu Annelinna Prisma pakiautomaat";0;EE;"Tartu maakond";"Tartu linn";"Tartu linn";;"Nõlvaku tn";;2;;26.780246;58.376121;;;;;;;;;;;2025-01-09T16:18:08.203+02:00
96020;"Tartu Eedeni pakiautomaat";0;EE;"Tartu maakond";"Tartu linn";"Tartu linn";;"Kalda tee";;1c;;26.749930;58.373779;;;;;;;;;;;2025-01-17T11:18:03.683+02:00
96241;"Tartu Ilmatsalu Maxima X pakiautomaat";0;EE;"Tartu maakond";"Tartu linn";"Tartu linn";;"Ilmatsalu tn";;11;;26.685312;58.378157;;;;;;;;;;;2025-01-08T12:04:31.943+02:00
96213;"Tartu Jaamamõisa Selveri pakiautomaat";0;EE;"Tartu maakond";"Tartu linn";"Tartu linn";;"Jaama tn";;74;;26.751800;58.381764;;;;;;;;;;;2025-01-08T11:53:37.923+02:00
96402;"Tartu Kalda tee Lidl pakiautomaat";0;EE;"Tartu maakond";"Tartu linn";"Tartu linn";;"Kalda tee";;29;;26.766449;58.369821;;;;;;;;;;;2025-02-11T09:40:58.557+02:00
96187;"Tartu Karete Coop Konsumi pakiautomaat";0;EE;"Tartu maakond";"Tartu linn";"Tartu linn";;"Jalaka tn";;34;;26.723677;58.349963;;;;;;;;;;;2025-01-08T11:43:05.253+02:00
96061;"Tartu Kesklinna Keskuse pakiautomaat";0;EE;"Tartu maakond";"Tartu linn";"Tartu linn";;"Küüni tn";;7;;26.724674;58.377780;;;;;;;;;;;2025-01-17T13:13:21.210+02:00
96068;"Tartu Kivilinna Coop Konsumi pakiautomaat";0;EE;"Tartu maakond";"Tartu linn";"Tartu linn";;"Jaama tn";;173;;26.764677;58.379741;;;;;;;;;;;2025-01-17T13:16:30.427+02:00
96165;"Tartu Kvartali Keskuse pakiautomaat";0;EE;"Tartu maakond";"Tartu linn";"Tartu linn";;"Riia tn";;2;;26.728617;58.377425;;;;;;;;;;;2025-01-08T11:32:52.707+02:00
96336;"Tartu Kvissentali Coop Konsumi pakiautomaat";0;EE;"Tartu maakond";"Tartu linn";"Tartu linn";;"Aruküla tee";;5;;26.709397;58.401681;;;;;;;;;;;2025-01-30T15:06:57.757+02:00
96074;"Tartu Lembitu Coop Konsumi pakiautomaat";0;EE;"Tartu maakond";"Tartu linn";"Tartu linn";;"Lembitu tn";;2;;26.710051;58.369884;;;;;;;;;;;2025-01-17T11:14:31.397+02:00
96019;"Tartu Lõunakeskuse pakiautomaat";0;EE;"Tartu maakond";"Tartu linn";"Tartu linn";;Lääneringtee;;39;;26.677575;58.357881;;;;;;;;;;;2025-01-17T11:17:52.093+02:00
96384;"Tartu Maarjamõisa Coop Konsumi pakiautomaat";0;EE;"Tartu maakond";"Tartu linn";"Tartu linn";;"Ravila tn";;14d;;26.690013;58.369432;;;;;;;;;;;2025-01-09T16:22:06.587+02:00
96127;"Tartu Raadi Maxima XX pakiautomaat";0;EE;"Tartu maakond";"Tartu linn";"Tartu linn";;"Narva mnt";;112;;26.730046;58.392111;;;;;;;;;;;2025-01-17T13:49:55.447+02:00
96357;"Tartu Raadimõisa Coop Konsumi pakiautomaat";0;EE;"Tartu maakond";"Tartu vald";"Raadi alev";;"Kaupmehe tn";;2;;26.741438;58.402732;;;;;;;;;;;2025-01-30T15:07:21.350+02:00
96087;"Tartu Rebase Rimi pakiautomaat";0;EE;"Tartu maakond";"Tartu linn";"Tartu linn";;"Rebase tn";;10;;26.739598;58.368418;;;;;;;;;;;2025-01-17T11:36:59.760+02:00
96088;"Tartu Ringtee Selveri pakiautomaat";0;EE;"Tartu maakond";"Tartu linn";"Tartu linn";;"Aardla tn";;114;;26.686510;58.353271;;;;;;;;;;;2025-01-30T11:15:23.337+02:00
96136;"Tartu Saare Maxima X pakiautomaat";0;EE;"Tartu maakond";"Tartu linn";"Tartu linn";;"Anne tn";;57;;26.756303;58.374869;;;;;;;;;;;2025-01-17T13:48:50.950+02:00
96021;"Tartu Sõbrakeskuse pakiautomaat";0;EE;"Tartu maakond";"Tartu linn";"Tartu linn";;"Võru tn";;55f;;26.719352;58.364613;;;;;;;;;;;2025-01-17T11:18:15.863+02:00
96039;"Tartu Tasku keskuse pakiautomaat";0;EE;"Tartu maakond";"Tartu linn";"Tartu linn";;"Turu tn";;2;;26.731127;58.377805;;;;;;;;;;;2025-01-17T11:21:39.763+02:00
96321;"Tartu Tuglase Rimi pakiautomaat";0;EE;"Tartu maakond";"Tartu linn";"Tartu linn";;"F. Tuglase tn";;19;;26.691803;58.384963;;;;;;;;;;;2025-01-08T16:30:04.680+02:00
96403;"Tartu Turu Lidl pakiautomaat";0;EE;"Tartu maakond";"Tartu linn";"Tartu linn";;"Turu tn";;25;;26.737870;58.372188;;;;;;;;;;;2025-02-18T04:00:10.287+02:00
96356;"Tartu Tähe Rimi pakiautomaat";0;EE;"Tartu maakond";"Tartu linn";"Tartu linn";;"Tähe tn";;19;;26.727040;58.370487;;;;;;;;;;;2025-01-09T15:30:38.547+02:00
96022;"Tartu Ujula Coop Konsumi pakiautomaat";0;EE;"Tartu maakond";"Tartu linn";"Tartu linn";;"Ujula tn";;2;;26.724305;58.386338;;;;;;;;;;;2025-01-17T11:18:34.823+02:00
96309;"Tartu Vahi Selveri pakiautomaat";0;EE;"Tartu maakond";"Tartu linn";"Tartu linn";;"Vahi tn";;62;;26.720714;58.401578;;;;;;;;;;;2025-01-30T15:06:47.450+02:00
96060;"Tartu Veeriku Selveri pakiautomaat";0;EE;"Tartu maakond";"Tartu linn";"Tartu linn";;"Vitamiini tn";;1;;26.696707;58.376665;;;;;;;;;;;2025-01-17T13:13:08.877+02:00
96335;"Tartu Ülikooli Kliinikumi pakiautomaat";0;EE;"Tartu maakond";"Tartu linn";"Tartu linn";;"L. Puusepa tn";;8;;26.701018;58.370012;;;;;;;;;;;2025-01-09T15:23:41.407+02:00
99021;"Tauragės AUTOAIBĖ Gedimino g. paštomatas";0;LT;"Tauragės apskr.";"Tauragės r. sav.";"Tauragės m.";;"Gedimino g.";;22;;22.297494;55.252468;;;;;;;;;;;2023-12-07T06:03:21.707+02:00
55569;"Tauragės IKI Šilalės g. paštomatas";0;LT;"Tauragės apskr.";"Tauragės r. sav.";"Tauragės m.";;"Šilalės g.";;83A;;22.287432;55.266002;;;;;;;;;;"Paštomatą rasite lauke prie sienos, kairėje įėjimo į parduotuvę pusėje";2023-12-29T09:14:12.680+02:00
99536;"Tauragės LIDL Dariaus ir Girėno paštomatas";0;LT;"Tauragės apskr.";"Tauragės r. sav.";"Tauragės m.";;"Dariaus ir Girėno g.";;48;;22.293711;55.256684;;;;;;;;;;;2024-11-25T12:02:27.207+02:00
99508;"Tauragės MAXIMA Prezidento g. 72 paštomatas";0;LT;"Tauragės apskr.";"Tauragės r. sav.";"Tauragės m.";;"Prezidento g.";;72;;22.295511;55.253582;;;;;;;;;;;2024-11-25T13:19:49.673+02:00
99941;"Tauragės MAXIMA Šlaito paštomatas";0;LT;"Tauragės apskr.";"Tauragės r. sav.";"Tauragės m.";;"Šlaito g.";;1;;22.270495;55.248593;;;;;;;;;;;2024-01-02T08:46:37.660+02:00
88851;"Tauragės NORFA Gedimino paštomatas";0;LT;"Tauragės apskr.";"Tauragės r. sav.";"Tauragės m.";;"Gedimino g.";;28;;22.298812;55.251360;;;;;;;;;;"Paštomatą rasite lauke prie sienos,  dešinėje įėjimo į parduotuvę pusėje";2023-12-07T06:03:21.117+02:00
99022;"Telšių AUTOAIBĖ Luokės g.  paštomatas";0;LT;"Telšių apskr.";"Telšių r. sav.";"Telšių m.";;"Luokės g.";;80;;22.269380;55.974321;;;;;;;;;;;2023-12-07T06:03:19.550+02:00
55596;"Telšių IKI Masčio paštomatas";0;LT;"Telšių apskr.";"Telšių r. sav.";"Telšių m.";;"Masčio g.";;1;;22.264979;55.977661;;;;;;;;;;;2023-12-29T14:21:58.957+02:00
99601;"Telšių LIDL paštomatas";0;LT;"Telšių apskr.";"Telšių r. sav.";"Telšių m.";;"Luokės g.";;74A;;22.266217;55.975903;;;;;;;;;;;2024-11-28T16:29:52.067+02:00
99517;"Telšių NORFA Gedimino paštomatas";0;LT;"Telšių apskr.";"Telšių r. sav.";"Telšių m.";;"Gedimino g.";;8;;22.237482;55.982009;;;;;;;;;;;2024-11-25T13:08:34.897+02:00
88891;"Telšių PC TULPĖ paštomatas";0;LT;"Telšių apskr.";"Telšių r. sav.";"Telšių m.";;"Kęstučio g.";;4;;22.249681;55.983843;;;;;;;;;;"Paštomatą rasite lauke prie sienos, kairėje įėjimo į prekybos centrą pusėje";2023-12-28T09:41:31.327+02:00
88868;"Telšių RIMI paštomatas";0;LT;"Telšių apskr.";"Telšių r. sav.";"Telšių m.";;"Plungės g.";;4;;22.235657;55.980546;;;;;;;;;;"Paštomatą rasite lauke prie sienos, dešinėje įėjimo parduotuvę pusėje";2023-12-07T06:03:19.753+02:00
96371;"Tilsi pakiautomaat";0;EE;"Põlva maakond";"Põlva vald";"Tilsi küla";;;Külakeskuse;;;27.000463;57.970278;;;;;;;;;;;2025-01-09T16:17:08.177+02:00
96345;"Tiskre Prisma pakiautomaat";0;EE;"Harju maakond";"Harku vald";"Tiskre küla";;"Liiva tee";;59;;24.562850;59.431678;;;;;;;;;;;2025-01-09T15:26:56.247+02:00
96299;"Toila Meie kaupluse pakiautomaat";0;EE;"Ida-Viru maakond";"Toila vald";"Toila alevik";;"Pikk tn";;18a;;27.511320;59.418652;;;;;;;;;;;2025-01-08T11:23:14.747+02:00
96339;"Tootsi Bussijaama pakiautomaat";0;EE;"Pärnu maakond";"Põhja-Pärnumaa vald";"Tootsi alev";;"Kesk tn";;8;;24.785904;58.586405;;;;;;;;;;;2025-02-28T14:29:24.700+02:00
96253;"Tori pakiautomaat";0;EE;"Pärnu maakond";"Tori vald";"Tori alevik";;"Pärnu mnt";;21;;24.806484;58.478425;;;;;;;;;;;2025-01-08T12:07:35.640+02:00
96121;"Torma Coop kaupluse pakiautomaat";0;EE;"Jõgeva maakond";"Jõgeva vald";"Torma alevik";;"Kesk tn";;1a;;26.739472;58.819233;;;;;;;;;;;2025-01-17T13:48:13.717+02:00
77724;"Trakų NORFA paštomatas";0;LT;"Vilniaus apskr.";"Trakų r. sav.";"Trakų m.";;"Vilniaus g.";;15C;;24.945936;54.627725;;;;;;;;;;"Paštomatą rasite lauke prie sienos, kairėje įėjimo į parduotuvę pusėje";2023-12-05T12:43:02.217+02:00
86025;"Treimani postipunkt (Kalbuse kauplus)";1;EE;"Pärnu maakond";"Häädemeeste vald";"Treimani küla";;;Kalbuse;;;24.387963;57.921157;"E,T,N,R 10:00-13:00 K 15:00-18:00 L,P SULETUD";;;;;;;;;;2025-02-14T12:10:14.387+02:00
99532;"Trušelių AIBĖ paštomatas";0;LT;"Klaipėdos apskr.";"Klaipėdos r. sav.";"Trušelių k.";;"Rasytės g.";;1;;21.193121;55.749051;;;;;;;;;;;2024-11-25T13:02:56.413+02:00
96296;"Tsirguliina pakiautomaat";0;EE;"Valga maakond";"Valga vald";"Tsirguliina alevik";;"Nooruse tn";;1;;26.191459;57.864481;;;;;;;;;;;2025-01-08T11:21:51.080+02:00
96369;"Tsooru pakiautomaat";0;EE;"Võru maakond";"Antsla vald";"Tsooru küla";;;"Tsooru rahvamaja";;;26.649236;57.743043;;;;;;;;;;;2025-01-09T16:16:35.683+02:00
9243;"Tukuma Alīnes ielas TOP pakomāts";0;LV;"Tukuma novads";Tukums;;;"Alīnes iela";;1A;;23.179656;56.957676;;;;;;;;;"Pa kreisi no centrālās ieejas
";;2024-06-25T09:32:02.537+03:00
9531;"Tukuma Kurzemes ielas 2A Mego pakomāts";0;LV;"Tukuma novads";Tukums;;;"Kurzemes iela";;2A;;23.164895;56.970561;;;;;;;;;"Pa labi no ieejas
";;2024-06-25T16:08:37.473+03:00
9120;"Tukuma Kurzemes ielas 36 Maxima XX pakomāts";0;LV;"Tukuma novads";Tukums;;;"Kurzemes iela";;36;;23.153785;56.971491;;;;;;;;;"Pa kreisi no galvenās ieejas";;2023-09-29T14:59:32.397+03:00
9927;"Tukuma Pasta ielas RIMI pakomāts";0;LV;"Tukuma novads";Tukums;;;"Pasta iela";;14;;23.158829;56.967484;;;;;;;;;"Blakus RIMI ieejai no autostāvvietas puses";;2024-06-27T12:51:37.923+03:00
9627;"Tukuma Raudas ielas 17a LIDL pakomāts";0;LV;"Tukuma novads";Tukums;;;"Raudas iela";;17A;;23.154338;56.970439;;;;;;;;;"Pa labi no ieejas
";;2024-12-14T13:17:45.297+02:00
9244;"Tukuma T/C Aplis pakomāts";0;LV;"Tukuma novads";Tukums;;;"Eksporta iela";;6;;23.115983;56.952966;;;;;;;;;"Pa kreisi no centrālās ieejas
";;2024-06-25T09:32:25.863+03:00
96223;"Turba kaupluse pakiautomaat";0;EE;"Harju maakond";"Saue vald";"Turba alevik";;"Jaama tee";;8;;24.236498;59.080760;;;;;;;;;;;2025-01-08T11:56:22.717+02:00
55597;"Tytuvėnų SIGITA paštomatas";0;LT;"Šiaulių apskr.";"Kelmės r. sav.";"Tytuvėnų m.";;"Maironio g.";;3;;23.198590;55.597189;;;;;;;;;;"Paštomatą rasite lauke prie šoninės sienos, kairėje įėjimo į parduotuvę pusėje, už kampo";2025-02-19T08:41:27.560+02:00
96053;"Tõrva Tikste Coop pakiautomaat";0;EE;"Valga maakond";"Tõrva vald";"Tõrva linn";;"Viljandi tn";;28;;25.914401;58.006153;;;;;;;;;;;2025-01-17T13:11:18.287+02:00
68695;"Tõrva postipunkt";1;EE;"Valga maakond";"Tõrva vald";"Tõrva linn";;"Valga tn";;3;;25.923206;58.002218;"T,N 09:00-15:00 K 12:00-18:00 E,R,L,P SULETUD";;;;;;;;;;2024-12-13T11:05:38.823+02:00
96178;"Tõrvandi Coop Konsumi pakiautomaat";0;EE;"Tartu maakond";"Kambja vald";"Tõrvandi alevik";;"Müürsepa tn";;1;;26.710412;58.322990;;;;;;;;;;;2025-01-30T15:05:53.797+02:00
96269;"Tõstamaa pakiautomaat";0;EE;"Pärnu maakond";"Pärnu linn";"Tõstamaa alevik";;"Varbla mnt";;2;;23.994145;58.334591;;;;;;;;;;;2025-01-08T12:12:30.717+02:00
96052;"Türi Maxima X pakiautomaat";0;EE;"Järva maakond";"Türi vald";"Türi linn";;"Viljandi tn";;10;;25.427857;58.806201;;;;;;;;;;;2025-01-17T13:11:04.277+02:00
72201;"Türi postipunkt";1;EE;"Järva maakond";"Türi vald";"Türi linn";;"Viljandi tn";;1;;25.429070;58.807683;"E,T,N,R 09:00-12:00 K 15:00-18:00 L,P SULETUD;Ligipääs ratastooliga";;;;;;;;;;2025-03-03T08:25:34.707+02:00
9240;"Tīnūžu Senās Bodes pakomāts";0;LV;"Ogres novads";"Tīnūžu pagasts";Tīnūži;;"Liepu iela";;1;;24.564894;56.865057;;;;;;;;;"Pa kreisi no centrālās ieejas
";;2024-06-25T09:28:03.587+03:00
9209;"Ugāles Lats pakomāts";0;LV;"Ventspils novads";"Ugāles pagasts";Ugāle;;"Skolas iela";;7;;22.017880;57.277342;;;;;;;;;"Pa kreisi no ieejas";;2024-12-09T09:47:38.940+02:00
96333;"Uhtna kaupluse pakiautomaat";0;EE;"Lääne-Viru maakond";"Rakvere vald";"Uhtna alevik";;"Mõisa tn";;1;;26.566442;59.394385;;;;;;;;;;;2025-01-09T15:23:02.487+02:00
88892;"Ukmergės IKI Vilniaus g. paštomatas";0;LT;"Vilniaus apskr.";"Ukmergės r. sav.";"Ukmergės m.";;"Vilniaus g.";;62;;24.773200;55.244184;;;;;;;;;;"Paštomatą rasite lauke prie šoninės sienos,  kairėje įėjimo į parduotuvę pusėje, netoli taromato";2023-07-20T06:03:05.947+03:00
99537;"Ukmergės LIDL paštomatas";0;LT;"Vilniaus apskr.";"Ukmergės r. sav.";"Ukmergės m.";;"Vytauto g.";;111A;;24.791470;55.259790;;;;;;;;;;;2024-11-25T12:02:12.570+02:00
99948;"Ukmergės MAXIMA Antakalnio paštomatas";0;LT;"Vilniaus apskr.";"Ukmergės r. sav.";"Ukmergės m.";;"Antakalnio g.";;67;;24.786349;55.241054;;;;;;;;;;;2024-01-31T06:03:30.823+02:00
88869;"Ukmergės MAXIMA Žiedo paštomatas";0;LT;"Vilniaus apskr.";"Ukmergės r. sav.";"Ukmergės m.";;"Žiedo g.";;1;;24.744270;55.242747;;;;;;;;;;"Paštomatą rasite lauke prie sienos, kairėje įėjimo į parduotuvę pusėje";2024-07-10T17:13:12.300+03:00
99082;"Ukmergės PIVONIJA paštomatas";0;LT;"Vilniaus apskr.";"Ukmergės r. sav.";"Ukmergės m.";;"Vilniaus g.";;90A;;24.776627;55.240065;;;;;;;;;;;2024-01-31T06:03:30.947+02:00
55579;"Ukmergės RIMI paštomatas";0;LT;"Vilniaus apskr.";"Ukmergės r. sav.";"Ukmergės m.";;"Vytauto g.";;60;;24.776571;55.254599;;;;;;;;;;"Paštomatą rasite lauke prie šoninės sienos, dešinėje įėjimo į parduotuvę pusėje, už kampo";2024-01-31T06:03:30.267+02:00
9110;"Ulbrokas ELVI pakomāts";0;LV;"Ropažu novads";"Stopiņu pagasts";Ulbroka;;"Peldu iela";;2;;24.291653;56.939543;;;;;;;;;"Pa labi no ieejas";;2025-01-03T15:21:05.177+02:00
9184;"Upesciema Lats pakomāts";0;LV;"Ropažu novads";"Garkalnes pagasts";Upesciems;;"Ziedu iela";;2;;24.335873;56.980900;;;;;;;;;"Pa kreisi no ieejas";;2024-06-21T12:38:50.890+03:00
99594;"Utenos LIDL paštomatas";0;LT;"Utenos apskr.";"Utenos r. sav.";"Utenos m.";;"J. Basanavičiaus g.";;121;;25.617863;55.502307;;;;;;;;;;;2024-11-28T16:31:12.713+02:00
55581;"Utenos MAXIMA Basanavičiaus 108B paštomatas";0;LT;"Utenos apskr.";"Utenos r. sav.";"Utenos m.";;"J. Basanavičiaus g.";;108B;;25.623609;55.505753;;;;;;;;;;"Paštomatą rasite lauke prie sienos, dešinėje įėjimo į parduotuvę pusėje";2023-12-29T09:18:02.737+02:00
55580;"Utenos NORFA Aušros paštomatas";0;LT;"Utenos apskr.";"Utenos r. sav.";"Utenos m.";;"Aušros g.";;79;;25.602985;55.507581;;;;;;;;;;"Paštomatą rasite lauke prie sienos, dešinėje įėjimo į parduotuvę pusėje";2023-12-29T09:17:44.447+02:00
99951;"Utenos NORFA Kupiškio g. paštomatas";0;LT;"Utenos apskr.";"Utenos r. sav.";"Utenos m.";;"Kupiškio g.";;54;;25.576488;55.510358;;;;;;;;;;;2024-01-02T09:04:27.967+02:00
99040;"Utenos RAŠĖ paštomatas";0;LT;"Utenos apskr.";"Utenos r. sav.";"Utenos m.";;"Vaižganto g.";;17;;25.605817;55.511280;;;;;;;;;;;2022-12-02T15:33:16.510+02:00
88860;"Utenos RIMI-SENUKAI paštomatas";0;LT;"Utenos apskr.";"Utenos r. sav.";"Utenos m.";;"J. Basanavičiaus g.";;52;;25.596356;55.498111;;;;;;;;;;"Paštomatą rasite lauke, prie prekybos centro sienos iš autobusų stoties pusės";2022-11-22T18:18:47.733+02:00
96164;"Uuemõisa Coop Konsumi pakiautomaat";0;EE;"Lääne maakond";"Haapsalu linn";"Uuemõisa alevik";;"Tallinna mnt";;84;;23.582103;58.940535;;;;;;;;;;;2025-01-08T11:32:30.453+02:00
96244;"Vaida Coop kaupluse pakiautomaat";0;EE;"Harju maakond";"Rae vald";"Vaida alevik";;"Vana-Vaida tee";;3;;24.976579;59.285559;;;;;;;;;;;2024-07-25T12:49:48.800+03:00
9577;"Valdemārpils Lielās ielas 17A pakomāts";0;LV;"Talsu novads";Valdemārpils;;;"Lielā iela";;17A;;22.590216;57.372595;;;;;;;;;"Pa kreisi no ieejas
";;2024-06-26T09:40:48.000+03:00
9134;"Valdlauču TOP pakomāts";0;LV;"Ķekavas novads";"Ķekavas pagasts";Valdlauči;;"Atpūtas iela";;5;;24.147541;56.904139;;;;;;;;;"Pa labi no T/C ieejas";;2024-06-21T10:07:05.653+03:00
96392;"Valga Kungla Coop Konsumi pakiautomaat";0;EE;"Valga maakond";"Valga vald";"Valga linn";;"Kungla tn";;37b;;26.054757;57.779094;;;;;;;;;;;2025-01-09T16:24:26.127+02:00
96042;"Valga Maxima XX pakiautomaat";0;EE;"Valga maakond";"Valga vald";"Valga linn";;"Jaama pst";;2b;;26.044140;57.774392;;;;;;;;;;;2025-01-17T11:22:34.517+02:00
96227;"Valga Siili Coop Konsumi pakiautomaat";0;EE;"Valga maakond";"Valga vald";"Valga linn";;"A. Neulandi tn";;2;;26.036743;57.778822;;;;;;;;;;;2025-01-08T11:58:03.837+02:00
68299;"Valga postkontor";1;EE;"Valga maakond";"Valga vald";"Valga linn";;"Raja tn";;5;;26.027205;57.776897;"E,T,K,N,R 09:00-18:00 L,P SULETUD;Ligipääs ratastooliga";;;;;;;;;;2025-02-25T15:49:40.297+02:00
96275;"Valjala pakiautomaat";0;EE;"Saare maakond";"Saaremaa vald";"Valjala alevik";;"Posti tn";;27;;22.791494;58.409434;;;;;;;;;;;2025-01-08T10:49:58.817+02:00
9290;"Valkas Raiņa ielas Maxima X pakomāts";0;LV;"Valkas novads";Valka;;;"Raiņa iela";;7;;26.021585;57.775042;;;;;;;;;"Pa kreisi no ieejas
";;2024-06-25T14:30:46.213+03:00
9956;"Valkas T/C Walk pakomāts";0;LV;"Valkas novads";Valka;;;"Ausekļa iela";;54;;26.014727;57.785275;;;;;;;;;"Pa labi no T/C ieejas";;2024-06-26T14:54:46.227+03:00
9589;"Valmieras Fabrikas ielas RIMI pakomāts";0;LV;"Valmieras novads";Valmiera;;;"Fabrikas iela";;2;;25.424280;57.533727;;;;;;;;;"Pa labi aiz stūra
";;2023-11-21T12:49:39.787+02:00
9269;"Valmieras Miera ielas TOP pakomāts";0;LV;"Valmieras novads";Valmiera;;;"Miera iela";;5;;25.411987;57.538440;;;;;;;;;"Pa kreisi no ieejas
";;2024-06-25T10:20:09.027+03:00
9119;"Valmieras Nākotnes ielas Maxima X pakomāts";0;LV;"Valmieras novads";Valmiera;;;"Nākotnes iela";;2;;25.427617;57.530161;;;;;;;;;"Pa kreisi no ieejas";;2024-06-21T09:19:56.437+03:00
9166;"Valmieras Rubenes ielas RIMI pakomāts";0;LV;"Valmieras novads";Valmiera;;;"Rubenes iela";;51;;25.419284;57.546956;;;;;;;;;"Pa kreisi no ieejas";;2025-01-03T15:28:09.373+02:00
9197;"Valmieras Rīgas ielas TOP pakomāts";0;LV;"Valmieras novads";Valmiera;;;"Rīgas iela";;64;;25.397862;57.533413;;;;;;;;;"Pa labi no ieejas";;2025-01-03T15:12:14.620+02:00
9268;"Valmieras Stacijas ielas 33 pakomāts";0;LV;"Valmieras novads";Valmiera;;;"Stacijas iela";;33;;25.435999;57.525852;;;;;;;;;"Pretī rezerves daļu veikalam
";;2024-06-25T10:19:19.090+03:00
9928;"Valmieras T/C Valleta pakomāts";0;LV;"Valmieras novads";Valmiera;;;"Rīgas iela";;4;;25.423793;57.538756;;;;;;;;;"T/C aizmugurē, pa kreisi no ieejas";;2024-06-26T13:49:46.313+03:00
9148;"Vangažu Aibe pakomāts";0;LV;"Ropažu novads";Vangaži;;;"Gaujas iela";;19A;;24.544356;57.092696;;;;;;;;;"Pa kreisi no ieejas";;2024-06-21T10:22:30.797+03:00
9288;"Varakļānu TOP pakomāts";0;LV;"Varakļānu novads";Varakļāni;;;"Pils iela";;7D;;26.758498;56.611141;;;;;;;;;"Pa labi no ieejas
";;2024-06-25T14:30:14.153+03:00
96263;"Varbla pakiautomaat";0;EE;"Pärnu maakond";"Lääneranna vald";"Varbla küla";;;Vallamaja;;;23.753469;58.430154;;;;;;;;;;;2025-01-08T12:10:41.417+02:00
99516;"Varnių GRŪSTĖ paštomatas";0;LT;"Telšių apskr.";"Telšių r. sav.";"Varnių m.";;"Vytauto g.";;1;;22.370967;55.741798;;;;;;;;;;;2024-11-25T13:08:54.777+02:00
66194;"Varstu postipunkt";1;EE;"Võru maakond";"Rõuge vald";"Varstu alevik";;"Kooli tn";;1;;26.665934;57.647455;"E 09:00-16:00 N 09:00-17:00 T,K,R,L,P SULETUD";;;;;;;;;;2025-02-07T11:35:37.263+02:00
88834;"Varėnos IKI Sporto paštomatas";0;LT;"Alytaus apskr.";"Varėnos r. sav.";"Varėnos m.";;"Sporto g.";;1;;24.563966;54.215275;;;;;;;;;;"Paštomatą rasite lauke prie šoninės sienos, kairėje įėjimo į parduotuvę pusėje, už kampo";2024-03-22T06:03:47.563+02:00
99961;"Varėnos IKI Vytauto paštomatas";0;LT;"Alytaus apskr.";"Varėnos r. sav.";"Varėnos m.";;"Vytauto g.";;18;;24.569281;54.211399;;;;;;;;;;;2024-03-22T06:03:46.337+02:00
96322;"Vastse-Kuuste Coop kaupluse pakiautomaat";0;EE;"Põlva maakond";"Põlva vald";"Vastse-Kuuste alevik";;Kesktänav;;16;;26.932567;58.166303;;;;;;;;;;;2025-01-08T16:31:20.457+02:00
96358;"Vastseliina Coop Konsumi pakiautomaat";0;EE;"Võru maakond";"Võru vald";"Vastseliina alevik";;"Võidu tn";;21;;27.284066;57.731708;;;;;;;;;;;2025-01-09T15:31:12.213+02:00
9993;"Vecpiebalgas TOP pakomāts";0;LV;"Cēsu novads";"Vecpiebalgas pagasts";Vecpiebalga;;"Alauksta iela";;2;;25.816962;57.060455;;;;;;;;;"Pa labi no ieejas";;2024-06-27T09:21:20.550+03:00
9154;"Vecumnieku Lats pakomāts";0;LV;"Bauskas novads";"Vecumnieku pagasts";Vecumnieki;;"Rīgas iela";;24B;;24.520418;56.606537;;;;;;;;;"Pa labi no T/C Centrālās ieejas";;2023-09-29T15:04:00.183+03:00
99501;"Veisiejų NORFA paštomatas";0;LT;"Alytaus apskr.";"Lazdijų r. sav.";"Veisiejų m.";;"Dariaus ir Girėno g.";;13;;23.695794;54.101402;;;;;;;;;;;2024-11-25T13:21:37.867+02:00
55598;"Ventos NORFA paštomatas";0;LT;"Šiaulių apskr.";"Akmenės r. sav.";"Ventos m.";;"Plento g.";;2A;;22.679323;56.193186;;;;;;;;;;"Paštomatą rasite lauke prie sienos, kairėje įėjimo į parduotuvę pusėje";2023-12-29T14:22:33.113+02:00
9210;"Ventspils Celtnieku ielas ELVI pakomāts";0;LV;Ventspils;;;;"Celtnieku iela";;3;;21.596744;57.408242;;;;;;;;;"Pa kreisi no ieejas";;2024-07-11T10:33:52.847+03:00
9923;"Ventspils Ganību ielas Mego pakomāts";0;LV;Ventspils;;;;"Ganību iela";;22/24;;21.562643;57.389889;;;;;;;;;"Blakus T/C centrālajai ieejai";;2024-07-11T10:35:04.937+03:00
9271;"Ventspils Inženieru ielas MEGO pakomāts";0;LV;Ventspils;;;;"Inženieru iela";;65;;21.551320;57.383718;;;;;;;;;"Pa labi no centrālās ieejas
";;2024-06-25T10:23:28.117+03:00
9102;"Ventspils Poruka ielas RIMI pakomāts";0;LV;Ventspils;;;;"J. Poruka iela";;5;;21.549223;57.386794;;;;;;;;;"Blakus T/C centrālajai ieejai";;2024-07-11T10:32:32.783+03:00
9963;"Ventspils T/C Tobago pakomāts";0;LV;Ventspils;;;;"Lielais prospekts";;3/5;;21.580209;57.387718;;;;;;;;;"Pa kreisi no T/C otrās ieejas";;2024-12-17T14:45:44.807+02:00
9588;"Ventspils Talsu ielas Citro pakomāts";0;LV;Ventspils;;;;"Talsu iela";;6;;21.585016;57.401619;;;;;;;;;"Veikala stāvlaukumā
";;2023-09-26T09:10:29.187+03:00
9957;"Ventspils Tārgales ielas Mini RIMI pakomāts";0;LV;Ventspils;;;;"Tārgales iela";;62;;21.602782;57.400019;;;;;;;;;"Pa labi no T/C ieejas";;2024-06-26T14:55:31.337+03:00
96272;"Veriora pakiautomaat";0;EE;"Põlva maakond";"Räpina vald";"Veriora alevik";;"Räpina mnt";;2;;27.347572;58.004384;;;;;;;;;;;2025-01-08T12:13:07.753+02:00
96341;"Veskimöldre Keskuse pakiautomaat";0;EE;"Harju maakond";"Saue vald";"Alliku küla";;"Instituudi tee";;132;;24.602127;59.357643;;;;;;;;;;;2025-01-09T15:25:39.280+02:00
99059;"Viekšnių GRŪSTĖ paštomatas";0;LT;"Telšių apskr.";"Mažeikių r. sav.";"Viekšnių m.";;"Tilto g.";;12;;22.516065;56.232867;;;;;;;;;;;2023-04-19T10:26:05.370+03:00
9167;"Viesītes TOP pakomāts";0;LV;"Jēkabpils novads";Viesīte;;;"Raiņa iela";;23;;25.556418;56.345917;;;;;;;;;"Blakus veikala ieejai";;2024-07-10T08:14:47.697+03:00
55502;"Vievio MAXIMA paštomatas";0;LT;"Vilniaus apskr.";"Elektrėnų sav.";"Vievio m.";;"Kauno g.";;22;;24.817913;54.772036;;;;;;;;;;"Paštomatą rasite lauke prie sienos, dešinėje įėjimo į parduotuvę pusėje, šalia taromato";2024-02-23T11:45:29.837+02:00
96407;"Viimsi Grossi pakiautomaat";0;EE;"Harju maakond";"Viimsi vald";"Haabneeme alevik";;"Kaluri tee";;3;;24.827899;59.509946;;;;;;;;;;;2025-02-11T09:42:14.177+02:00
96013;"Viimsi Kaubanduskeskuse pakiautomaat";0;EE;"Harju maakond";"Viimsi vald";"Haabneeme alevik";;"Randvere tee";;6;;24.830353;59.506255;;;;;;;;;;;2025-01-17T11:16:00.997+02:00
96124;"Viimsi Pärnamäe Rimi pakiautomaat";0;EE;"Harju maakond";"Viimsi vald";Laiaküla;;"Lilleoru tee";;4;;24.905474;59.462159;;;;;;;;;;;2025-03-19T14:24:33.597+02:00
96209;"Viimsi Rimi pakiautomaat";0;EE;"Harju maakond";"Viimsi vald";"Haabneeme alevik";;"Randvere tee";;9;;24.827405;59.505650;;;;;;;;;;;2025-01-08T11:52:24.063+02:00
74094;"Viimsi postkontor";1;EE;"Harju maakond";"Viimsi vald";"Haabneeme alevik";;"Paadi tee";;3;;24.826322;59.503662;"E,T,K,N,R 10:00-19:00 L,P SULETUD;Ligipääs ratastooliga";;;;;;;;;;2025-02-21T08:25:05.193+02:00
96293;"Viiratsi pakiautomaat";0;EE;"Viljandi maakond";"Viljandi vald";"Viiratsi alevik";;"Tiigi tn";;4;;25.638808;58.358411;;;;;;;;;;;2025-01-08T10:57:31.133+02:00
96032;"Viljandi Bussijaama pakiautomaat";0;EE;"Viljandi maakond";"Viljandi linn";;;"Ilmarise tn";;1;;25.598762;58.369069;;;;;;;;;;;2025-01-21T13:45:50.157+02:00
96070;"Viljandi Coop Maksimarketi pakiautomaat";0;EE;"Viljandi maakond";"Viljandi linn";;;"Lääne tn";;2;;25.583602;58.370767;;;;;;;;;;;2025-01-21T13:47:32.780+02:00
96398;"Viljandi Kaare Meie kaupluse pakiautomaat";0;EE;"Viljandi maakond";"Viljandi linn";;;"Suur-Kaare tn";;68;;25.576622;58.373658;;;;;;;;;;;2025-01-10T11:06:47.187+02:00
96284;"Viljandi Männimäe Maksimarketi pakiautomaat";0;EE;"Viljandi maakond";"Viljandi linn";;;"Puidu tn";;2;;25.579124;58.347918;;;;;;;;;;;2025-01-08T10:53:38.457+02:00
96063;"Viljandi Männimäe Selveri pakiautomaat";0;EE;"Viljandi maakond";"Viljandi linn";;;"Riia mnt";;35;;25.583844;58.353149;;;;;;;;;;;2025-01-21T13:46:50.510+02:00
96313;"Viljandi Tallinna 60 Maxima X pakiautomaat";0;EE;"Viljandi maakond";"Viljandi linn";;;"Tallinna tn";;60;;25.598342;58.376873;;;;;;;;;;;2025-01-08T16:23:18.200+02:00
96312;"Viljandi Vaksali Maxima X pakiautomaat";0;EE;"Viljandi maakond";"Viljandi linn";;;"Vaksali tn";;11b;;25.582792;58.361858;;;;;;;;;;;2025-01-08T15:53:40.420+02:00
71098;"Viljandi postkontor";1;EE;"Viljandi maakond";"Viljandi linn";;;"Tallinna tn";;41;;25.597390;58.369826;"E,T,K,N,R 09:00-18:00 L,P SULETUD;Ligipääs ratastooliga";;;;;;;;;;2025-02-25T15:49:56.970+02:00
55547;"Vilkaviškio IKI Vytauto paštomatas";0;LT;"Marijampolės apskr.";"Vilkaviškio r. sav.";"Vilkaviškio m.";;"Vytauto g.";;101;;23.032291;54.648337;;;;;;;;;;"Paštomatą rasite lauke prie sienos, kairėje įėjimo į parduotuvę pusėje";2023-12-29T09:06:57.710+02:00
99001;"Vilkaviškio MAXIMA S. Nėries g. 4 paštomatas";0;LT;"Marijampolės apskr.";"Vilkaviškio r. sav.";"Vilkaviškio m.";;"S. Nėries g.";;4;;23.037206;54.653887;;;;;;;;;;;2023-10-09T06:42:36.823+03:00
88835;"Vilkaviškio NORFA Nepriklausomybės paštomatas";0;LT;"Marijampolės apskr.";"Vilkaviškio r. sav.";"Vilkaviškio m.";;"Nepriklausomybės g.";;61;;23.030156;54.658581;;;;;;;;;;"Paštomatą rasite lauke prie sienos, dešinėje įėjimo į parduotuvę pusėje";2023-08-30T06:03:05.677+03:00
55548;"Vilkijos AIBĖ paštomatas";0;LT;"Kauno apskr.";"Kauno r. sav.";"Vilkijos m.";;"Kauno g.";;51;;23.591206;55.040367;;;;;;;;;;"Paštomatą rasite lauke prie sienos, kairėje įėjimo į parduotuvę pusėje";2024-03-14T06:03:36.700+02:00
77784;"Vilniaus 3 BURĖS PARKINGAS Krokuvos paštomatas";0;LT;"Vilniaus apskr.";"Vilniaus m. sav.";"Vilniaus m.";;"Lvivo g.";;25;;25.278729;54.696936;;;;;;;;;;"Paštomatą rasite lauke prie VC 3 BURĖS antžeminio parkavimo aikštelės pastato iš Krokuvos g. pusės";2024-03-04T15:49:11.157+02:00
77754;"Vilniaus Avižienių MAXIMA paštomatas";0;LT;"Vilniaus apskr.";"Vilniaus r. sav.";"Avižienių k.";;"Saulės g.";;1;;25.194008;54.764042;;;;;;;;;;"Paštomatą rasite lauke prie sienos, dešinėje įėjimo į parduotuvę pusėje";2024-02-23T12:23:06.577+02:00
99042;"Vilniaus BALTIC PETROLEUM Gerosios Vilties paštomatas";0;LT;"Vilniaus apskr.";"Vilniaus m. sav.";"Vilniaus m.";;"Gerosios Vilties g.";;33;;25.250820;54.666720;;;;;;;;;;;2024-02-23T12:47:33.287+02:00
99612;"Vilniaus Bajorų ŠILAS paštomatas";0;LT;"Vilniaus apskr.";"Vilniaus r. sav.";"Bajorų k.";;"Šaulio g.";;70;;25.223594;54.757808;;;;;;;;;;;2025-01-27T07:15:32.873+02:00
77755;"Vilniaus Balsių MAXIMA paštomatas";0;LT;"Vilniaus apskr.";"Vilniaus m. sav.";"Vilniaus m.";;"Žaliųjų Ežerų g.";;207;;25.348863;54.800556;;;;;;;;;;"Paštomatą rasite lauke prie sienos, dešinėje įėjimo į parduotuvę pusėje";2024-02-23T15:44:20.347+02:00
99073;"Vilniaus Balsių PPC ŽALI paštomatas";0;LT;"Vilniaus apskr.";"Vilniaus m. sav.";"Vilniaus m.";;"Visalaukio g.";;1;;25.341840;54.778671;;;;;;;;;;;2024-07-10T17:13:23.483+03:00
99968;"Vilniaus Balsių ČIA MARKET paštomatas";0;LT;"Vilniaus apskr.";"Vilniaus m. sav.";"Vilniaus m.";;"Balsių g.";;12;;25.348065;54.785432;;;;;;;;;;;2024-10-17T09:55:38.577+03:00
99956;"Vilniaus Bendorėlių RIMI paštomatas";0;LT;"Vilniaus apskr.";"Vilniaus r. sav.";"Užubalių k.";;"Senasis Ukmergės kel.";;46A;;25.191845;54.777174;;;;;;;;;;;2024-03-22T06:03:47.450+02:00
99608;"Vilniaus Bukiškio LIDL paštomatas";0;LT;"Vilniaus apskr.";"Vilniaus r. sav.";"Bukiškio k.";;"Draugystės g.";;2M;;25.202486;54.762251;;;;;;;;;;;2025-02-04T09:36:32.073+02:00
99556;"Vilniaus Bukiškio RIMI paštomatas";0;LT;"Vilniaus apskr.";"Vilniaus r. sav.";"Bukiškio k.";;"Nesvyžiaus g.";;20;;25.218846;54.758557;;;;;;;;;;;2024-11-25T11:55:41.867+02:00
88871;"Vilniaus CUP paštomatas";0;LT;"Vilniaus apskr.";"Vilniaus m. sav.";"Vilniaus m.";;"Upės g.";;9;;25.276537;54.694023;;;;;;;;;;"Paštomatą rasite kairėje 3-ojo aukšto įėjimo pusėje, šalia automobilių stovėjimo  aikštelės";2024-01-25T00:00:00.697+02:00
99523;"Vilniaus CYBER CITY Švitrigailos g. 36 paštomatas";0;LT;"Vilniaus apskr.";"Vilniaus m. sav.";"Vilniaus m.";;"Švitrigailos g.";;36;;25.269418;54.673006;;;;;;;;;;;2024-11-25T13:06:18.130+02:00
99522;"Vilniaus Dominikonų g. 4 paštomatas";0;LT;"Vilniaus apskr.";"Vilniaus m. sav.";"Vilniaus m.";;"Dominikonų g.";;4;;25.283326;54.681360;;;;;;;;;;;2024-11-25T13:06:06.080+02:00
99012;"Vilniaus Dvarčionių MAXIMA paštomatas";0;LT;"Vilniaus apskr.";"Vilniaus m. sav.";"Vilniaus m.";;"Keramikų g.";;4;;25.374205;54.728677;;;;;;;;;;;2024-02-23T11:51:25.543+02:00
99524;"Vilniaus EXPRESS MARKET J. Balčikonio paštomatas";0;LT;"Vilniaus apskr.";"Vilniaus m. sav.";"Vilniaus m.";;"Juozo Balčikonio g.";;23;;25.278142;54.720709;;;;;;;;;;;2024-11-25T13:05:42.390+02:00
77794;"Vilniaus EXPRESS MARKET Paribio paštomatas";0;LT;"Vilniaus apskr.";"Vilniaus m. sav.";"Vilniaus m.";;"Paribio g.";;30B;;25.244228;54.699918;;;;;;;;;;"Paštomatą rasite lauke prie šoninės sienos, dešinėje įėjimo į parduotuvę pusėje, už kampo";2024-02-23T12:35:25.130+02:00
99013;"Vilniaus EXPRESS MARKET Pelesos paštomatas";0;LT;"Vilniaus apskr.";"Vilniaus m. sav.";"Vilniaus m.";;"Pelesos g.";;57;;25.289435;54.670575;;;;;;;;;;;2024-03-24T06:03:36.703+02:00
99964;"Vilniaus EXPRESS MARKET Polocko paštomatas";0;LT;"Vilniaus apskr.";"Vilniaus m. sav.";"Vilniaus m.";;"Polocko g.";;42A;;25.309384;54.682456;;;;;;;;;;;2024-03-22T06:03:44.747+02:00
77751;"Vilniaus EXPRESS MARKET Sapiegos paštomatas";0;LT;"Vilniaus apskr.";"Vilniaus m. sav.";"Vilniaus m.";;"L. Sapiegos g.";;1C;;25.310487;54.696357;;;;;;;;;;"Paštomatą rasite lauke prie šoninės sienos, kairėje įėjimo į parduotuvę pusėje, už kampo";2023-12-29T14:22:51.013+02:00
99966;"Vilniaus EXPRESS MARKET Žirmūnų paštomatas";0;LT;"Vilniaus apskr.";"Vilniaus m. sav.";"Vilniaus m.";;"Žirmūnų g.";;48A;;25.303601;54.702853;;;;;;;;;;;2024-02-23T17:11:27.397+02:00
77753;"Vilniaus Galgių IKI paštomatas";0;LT;"Vilniaus apskr.";"Vilniaus r. sav.";"Galgių k.";;"Centrinė g.";;62;;25.412895;54.725091;;;;;;;;;;"Paštomatą rasite lauke prie sienos, dešinėje įėjimo į parduotuvę pusėje";2024-02-23T11:50:37.247+02:00
99588;"Vilniaus Galgių LIDL paštomatas";0;LT;"Vilniaus apskr.";"Vilniaus r. sav.";"Galgių k.";;"Taikos g.";;1A;;25.413759;54.712824;;;;;;;;;;;2024-11-28T16:27:42.277+02:00
99011;"Vilniaus Galgių RIMI paštomatas";0;LT;"Vilniaus apskr.";"Vilniaus m. sav.";"Vilniaus m.";;"Žvaigždikių g.";;2;;25.411829;54.725633;;;;;;;;;;;2024-02-23T11:51:02.843+02:00
88888;"Vilniaus Grigiškių MAXIMA paštomatas";0;LT;"Vilniaus apskr.";"Vilniaus m. sav.";"Grigiškių m.";;"Kovo 11-osios g.";;38B;;25.098474;54.670030;;;;;;;;;;"Paštomatą rasite lauke prie sienos, dešinėje įėjimo į parduotuvę pusėje";2025-01-15T09:48:14.733+02:00
99070;"Vilniaus IKI Antakalnio g. 42 paštomatas";0;LT;"Vilniaus apskr.";"Vilniaus m. sav.";"Vilniaus m.";;"Antakalnio g.";;42;;25.309592;54.703390;;;;;;;;;;;2024-07-10T17:13:52.307+03:00
99027;"Vilniaus IKI Architektų g. 214 paštomatas";0;LT;"Vilniaus apskr.";"Vilniaus m. sav.";"Vilniaus m.";;"Architektų g.";;214;;25.217712;54.679323;;;;;;;;;;;2024-02-23T17:06:18.047+02:00
99521;"Vilniaus IKI Architektų g. 43 paštomatas";0;LT;"Vilniaus apskr.";"Vilniaus m. sav.";"Vilniaus m.";;"Architektų g.";;43;;25.201318;54.674527;;;;;;;;;;;2024-11-25T13:07:23.260+02:00
77744;"Vilniaus IKI Bajorų paštomatas";0;LT;"Vilniaus apskr.";"Vilniaus m. sav.";"Vilniaus m.";;"Bajorų kel.";;4;;25.261733;54.754760;;;;;;;;;;"Paštomatą rasite lauke prie sienos, dešinėje įėjimo į parduotuvę pusėje";2025-02-10T16:04:52.817+02:00
77725;"Vilniaus IKI Buivydiškių g. paštomatas";0;LT;"Vilniaus apskr.";"Vilniaus m. sav.";"Vilniaus m.";;"Buivydiškių g.";;17;;25.238334;54.713679;;;;;;;;;;"Paštomatą rasite lauke prie sienos, kairėje įėjimo į parduotuvę pusėje, už taromato";2024-02-23T17:17:28.870+02:00
88850;"Vilniaus IKI Didlaukio paštomatas";0;LT;"Vilniaus apskr.";"Vilniaus m. sav.";"Vilniaus m.";;"Didlaukio g.";;80A;;25.269791;54.728806;;;;;;;;;;"Paštomatą rasite lauke, parkinge iš Baltupio g. pusės, prie sienos";2025-02-26T04:00:11.653+02:00
77769;"Vilniaus IKI Dzūkų paštomatas";0;LT;"Vilniaus apskr.";"Vilniaus m. sav.";"Vilniaus m.";;"Dzūkų g.";;1;;25.275839;54.665135;;;;;;;;;;"Paštomatą rasite lauke prie sienos, dešinėje įėjimo į parduotuvę pusėje";2024-03-24T06:03:36.270+02:00
77795;"Vilniaus IKI Franko paštomatas";0;LT;"Vilniaus apskr.";"Vilniaus m. sav.";"Vilniaus m.";;"J. Franko g.";;2A;;25.283548;54.760744;;;;;;;;;;"Paštomatą rasite lauke prie šoninės sienos, dešinėje įėjimo į parduotuvę pusėje, už kampo";2024-02-23T15:42:07.023+02:00
77776;"Vilniaus IKI Gabijos paštomatas";0;LT;"Vilniaus apskr.";"Vilniaus m. sav.";"Vilniaus m.";;"Gabijos g.";;36;;25.223963;54.736066;;;;;;;;;;"Paštomatą rasite lauke prie sienos, kairėje įėjimo į parduotuvę pusėje, šalia taromato";2024-02-23T12:18:59.217+02:00
77765;"Vilniaus IKI Jasinskio paštomatas";0;LT;"Vilniaus apskr.";"Vilniaus m. sav.";"Vilniaus m.";;"J. Jasinskio g.";;16;;25.260946;54.687813;;;;;;;;;;"Paštomatą rasite lauke prie šoninės sienos, dešinėje įėjimo į parduotuvę pusėje, už kampo";2024-02-23T15:40:00.393+02:00
88862;"Vilniaus IKI Jeruzalės paštomatas ";0;LT;"Vilniaus apskr.";"Vilniaus m. sav.";"Vilniaus m.";;"Jeruzalės g.";;17;;25.278166;54.743055;;;;;;;;;;"Paštomatą rasite lauke prie sienos, dešinėje įėjimo į parduotuvę pusėje už kampo";2024-07-17T16:57:15.810+03:00
77763;"Vilniaus IKI Jonažolių paštomatas";0;LT;"Vilniaus apskr.";"Vilniaus m. sav.";"Vilniaus m.";;"Jonažolių g.";;1;;25.214963;54.667056;;;;;;;;;;"Paštomatą rasite lauke prie šoninės sienos, kairėje įėjimo į parduotuvę pusėje, už kampo";2024-02-23T17:08:06.517+02:00
77766;"Vilniaus IKI Mindaugo paštomatas";0;LT;"Vilniaus apskr.";"Vilniaus m. sav.";"Vilniaus m.";;"Mindaugo g.";;25;;25.273988;54.673122;;;;;;;;;;"Paštomatą rasite lauke prie pastato sienos, kuri ribojasi su tvora, kairėje įėjimo į parduotuvę pusėje, už kampo";2024-08-08T08:52:36.277+03:00
99954;"Vilniaus IKI Pilaitės paštomatas";0;LT;"Vilniaus apskr.";"Vilniaus m. sav.";"Vilniaus m.";;"Pilaitės pr.";;42;;25.185353;54.708767;;;;;;;;;;;2024-07-10T17:14:03.713+03:00
77748;"Vilniaus IKI Saulėtekio paštomatas";0;LT;"Vilniaus apskr.";"Vilniaus m. sav.";"Vilniaus m.";;"Saulėtekio al.";;43;;25.342202;54.725093;;;;;;;;;;"Paštomatą rasite lauke prie sienos, dešinėje įėjimo į parduotuvę pusėje, po laiptais";2024-02-23T11:52:51.947+02:00
77727;"Vilniaus IKI Stanevičiaus paštomatas";0;LT;"Vilniaus apskr.";"Vilniaus m. sav.";"Vilniaus m.";;"S. Stanevičiaus g.";;23;;25.254926;54.723805;;;;;;;;;;"Paštomatą rasite lauke prie sienos, dešinėje pagrindinio įėjimo į parduotuvę pusėje";2025-03-25T15:05:14.963+02:00
88852;"Vilniaus IKI Šeškinės paštomatas";0;LT;"Vilniaus apskr.";"Vilniaus m. sav.";"Vilniaus m.";;"Šeškinės g.";;32;;25.245829;54.715510;;;;;;;;;;"Paštomatą rasite lauke prie sienos, kairėje įėjimo į parduotuvę pusėje";2024-02-23T17:17:05.240+02:00
77775;"Vilniaus IKI Žemynos paštomatas";0;LT;"Vilniaus apskr.";"Vilniaus m. sav.";"Vilniaus m.";;"Žemynos g.";;2;;25.225327;54.725731;;;;;;;;;;"Paštomatą rasite lauke prie sienos, dešinėje įėjimo į parduotuvę pusėje, už kampo";2025-02-03T12:40:22.887+02:00
77793;"Vilniaus IKI Žirmūnų 145 paštomatas";0;LT;"Vilniaus apskr.";"Vilniaus m. sav.";"Vilniaus m.";;"Žirmūnų g.";;145;;25.297677;54.722431;;;;;;;;;;"Paštomatą rasite lauke prie šoninės sienos, dešinėje įėjimo į parduotuvę pusėje, už kampo";2024-02-23T17:12:20.580+02:00
77791;"Vilniaus IKI Žirmūnų 2 paštomatas";0;LT;"Vilniaus apskr.";"Vilniaus m. sav.";"Vilniaus m.";;"Žirmūnų g.";;2;;25.299597;54.697362;;;;;;;;;;"Paštomatą rasite lauke prie tolimosios sienos, dešinėje įėjimo į parduotuvę pusėje, už kampo";2024-02-23T17:13:03.920+02:00
99972;"Vilniaus ILUNCH Kirtimų paštomatas";0;LT;"Vilniaus apskr.";"Vilniaus m. sav.";"Vilniaus m.";;"Kirtimų g.";;47;;25.147756;54.626680;;;;;;;;;;;2024-10-17T09:59:06.937+03:00
99067;"Vilniaus Justiniškių NORFA paštomatas";0;LT;"Vilniaus apskr.";"Vilniaus m. sav.";"Vilniaus m.";;"Justiniškių g.";;91A;;25.223457;54.718254;;;;;;;;;;;2024-03-29T06:03:36.870+02:00
77745;"Vilniaus LEMON GYM Asanavičiūtės paštomatas";0;LT;"Vilniaus apskr.";"Vilniaus m. sav.";"Vilniaus m.";;"Loretos Asanavičiūtės g.";;15;;25.209832;54.689000;;;;;;;;;;"Paštomatą rasite lauke prie sienos, kairėje įėjimo į sporto klubą pusėje";2025-02-03T08:50:42.090+02:00
77792;"Vilniaus LIDL Kalvarijų g. paštomatas";0;LT;"Vilniaus apskr.";"Vilniaus m. sav.";"Vilniaus m.";;"Kalvarijų g.";;180;;25.286096;54.713544;;;;;;;;;;"Paštomatą rasite lauke prie sienos, dešinėje įėjimo į parduotuvę DROGAS pusėje, už kampo";2024-10-07T10:01:19.067+03:00
99586;"Vilniaus LIDL Kapsų paštomatas";0;LT;"Vilniaus apskr.";"Vilniaus m. sav.";"Vilniaus m.";;"Kapsų g.";;1;;25.273874;54.660316;;;;;;;;;;;2024-11-28T16:30:46.367+02:00
99549;"Vilniaus LIDL L. Asanavičiūtės paštomatas";0;LT;"Vilniaus apskr.";"Vilniaus m. sav.";"Vilniaus m.";;"Loretos Asanavičiūtės g.";;1H;;25.196566;54.682176;;;;;;;;;;;2024-11-25T11:58:28.803+02:00
99550;"Vilniaus LIDL Liepkalnio paštomatas";0;LT;"Vilniaus apskr.";"Vilniaus m. sav.";"Vilniaus m.";;"Liepkalnio g.";;102A;;25.304637;54.654848;;;;;;;;;;;2024-11-25T11:58:01.387+02:00
99585;"Vilniaus LIDL Pramonės paštomatas";0;LT;"Vilniaus apskr.";"Vilniaus m. sav.";"Vilniaus m.";;"Pramonės g.";;17A;;25.412258;54.692865;;;;;;;;;;;2024-11-28T16:26:20.987+02:00
99583;"Vilniaus LIDL Rasų paštomatas";0;LT;"Vilniaus apskr.";"Vilniaus m. sav.";"Vilniaus m.";;"Rasų g.";;9A;;25.296753;54.673965;;;;;;;;;;;2024-11-28T16:26:08.443+02:00
99582;"Vilniaus LIDL Stanevičiaus paštomatas";0;LT;"Vilniaus apskr.";"Vilniaus m. sav.";"Vilniaus m.";;"S. Stanevičiaus g.";;2A;;25.254436;54.721658;;;;;;;;;;;2024-11-28T16:26:43.100+02:00
99584;"Vilniaus LIDL Virbeliškių paštomatas";0;LT;"Vilniaus apskr.";"Vilniaus m. sav.";"Vilniaus m.";;"Virbeliškių g.";;2;;25.217714;54.728601;;;;;;;;;;;2025-02-03T12:41:10.247+02:00
99535;"Vilniaus LIDL Vėtrungių paštomatas";0;LT;"Vilniaus apskr.";"Vilniaus m. sav.";"Vilniaus m.";;"Vėtrungių g.";;16;;25.231166;54.738035;;;;;;;;;;;2024-11-25T12:02:50.843+02:00
99540;"Vilniaus LIDL Žalgirio paštomatas";0;LT;"Vilniaus apskr.";"Vilniaus m. sav.";"Vilniaus m.";;"Rinktinės g.";;60;;25.287129;54.703056;;;;;;;;;;;2024-11-25T12:00:54.750+02:00
99539;"Vilniaus LIDL Žirmūnų paštomatas";0;LT;"Vilniaus apskr.";"Vilniaus m. sav.";"Vilniaus m.";;"Žirmūnų g.";;67;;25.306868;54.716620;;;;;;;;;;;2024-11-25T12:01:18.183+02:00
77764;"Vilniaus LPSK Basanavičiaus 29A paštomatas";0;LT;"Vilniaus apskr.";"Vilniaus m. sav.";"Vilniaus m.";;"J. Basanavičiaus g.";;29A;;25.267909;54.681997;;;;;;;;;;"Paštomatą rasite lauke prie sienos, dešinėje įėjimo į pastatą pusėje";2024-02-23T15:38:17.800+02:00
77728;"Vilniaus MAXIMA Antakalnio paštomatas";0;LT;"Vilniaus apskr.";"Vilniaus m. sav.";"Vilniaus m.";;"Antakalnio g.";;75A;;25.316486;54.715466;;;;;;;;;;"Paštomatą rasite lauke prie sienos, dešinėje įėjimo į parduotuvę pusėje";2023-11-28T16:12:16.277+02:00
77729;"Vilniaus MAXIMA Architektų paštomatas";0;LT;"Vilniaus apskr.";"Vilniaus m. sav.";"Vilniaus m.";;"Architektų g.";;152;;25.213272;54.682997;;;;;;;;;;"Paštomatą rasite lauke prie sienos, dešinėje įėjimo į parduotuvę pusėje";2024-02-23T17:05:54.367+02:00
77758;"Vilniaus MAXIMA Gedvydžių paštomatas";0;LT;"Vilniaus apskr.";"Vilniaus m. sav.";"Vilniaus m.";;"Gedvydžių g.";;17;;25.238612;54.736906;;;;;;;;;;"Paštomatą rasite lauke prie sienos, dešinėje įėjimo į parduotuvę pusėje";2024-02-23T17:15:54.650+02:00
99557;"Vilniaus MAXIMA Gelvonų paštomatas";0;LT;"Vilniaus apskr.";"Vilniaus m. sav.";"Vilniaus m.";;"Gelvonų g.";;35;;25.258668;54.717957;;;;;;;;;;;2024-11-25T11:32:08.653+02:00
99953;"Vilniaus MAXIMA Gilužio paštomatas";0;LT;"Vilniaus apskr.";"Vilniaus m. sav.";"Vilniaus m.";;"Gilužio g.";;5;;25.178366;54.701691;;;;;;;;;;;2024-03-26T14:36:15.510+02:00
88887;"Vilniaus MAXIMA Grybo paštomatas";0;LT;"Vilniaus apskr.";"Vilniaus m. sav.";"Vilniaus m.";;"V. Grybo g.";;21;;25.315857;54.703756;;;;;;;;;;"Paštomatą rasite lauke prie sienos, dešinėje pastato pusėje, šalia taromato";2024-02-23T11:53:59.567+02:00
77730;"Vilniaus MAXIMA Kęstučio paštomatas";0;LT;"Vilniaus apskr.";"Vilniaus m. sav.";"Vilniaus m.";;"Kęstučio g.";;37;;25.251019;54.693534;;;;;;;;;;"Paštomatą rasite lauke prie sienos, kairėje įėjimo į parduotuvę pusėje";2024-02-23T17:05:00.773+02:00
99048;"Vilniaus MAXIMA Laisvės paštomatas";0;LT;"Vilniaus apskr.";"Vilniaus m. sav.";"Vilniaus m.";;"Laisvės pr.";;26;;25.211729;54.689825;;;;;;;;;;;2024-02-23T15:48:18.370+02:00
99962;"Vilniaus MAXIMA Lazdynėlių paštomatas";0;LT;"Vilniaus apskr.";"Vilniaus m. sav.";"Vilniaus m.";;"Lazdynėlių g.";;23;;25.193775;54.663701;;;;;;;;;;;2024-02-23T17:07:02.750+02:00
77777;"Vilniaus MAXIMA Medeinos paštomatas";0;LT;"Vilniaus apskr.";"Vilniaus m. sav.";"Vilniaus m.";;"Medeinos g.";;39;;25.220814;54.727851;;;;;;;;;;"Paštomatą rasite lauke prie sienos, dešinėje įėjimo į parduotuvę pusėje";2024-03-29T06:03:36.363+02:00
77767;"Vilniaus MAXIMA Mindaugo paštomatas";0;LT;"Vilniaus apskr.";"Vilniaus m. sav.";"Vilniaus m.";;"Mindaugo g.";;11;;25.273446;54.677870;;;;;;;;;;"Paštomatą rasite 2-ame parkavimo aikštelės aukšte, kairėje įėjimo į parduotuvę pusėje, už kampo, prie pastato sienos";2024-02-23T12:48:51.713+02:00
77768;"Vilniaus MAXIMA Moravų paštomatas";0;LT;"Vilniaus apskr.";"Vilniaus m. sav.";"Vilniaus m.";;"Moravų g.";;7;;25.324703;54.650452;;;;;;;;;;"Paštomatą rasite lauke, dešinėje įėjimo į parduotuvę pusėje, automobilių parkavimo aikštelėje";2024-10-17T09:58:17.467+03:00
77732;"Vilniaus MAXIMA Naugarduko paštomatas";0;LT;"Vilniaus apskr.";"Vilniaus m. sav.";"Vilniaus m.";;"Naugarduko g.";;84;;25.258687;54.669187;;;;;;;;;;"Paštomatą rasite lauke prie sienos iš Naugarduko g. pusės";2024-03-26T14:36:14.847+02:00
99046;"Vilniaus MAXIMA Nemenčinės pl. paštomatas";0;LT;"Vilniaus apskr.";"Vilniaus m. sav.";"Vilniaus m.";;"Nemenčinės pl.";;33;;25.338867;54.734773;;;;;;;;;;;2024-10-17T10:04:00.977+03:00
77772;"Vilniaus MAXIMA Pergalės paštomatas";0;LT;"Vilniaus apskr.";"Vilniaus m. sav.";"Vilniaus m.";;"Pergalės g.";;42;;25.414166;54.681630;;;;;;;;;;"Paštomatą rasite lauke prie sienos, dešinėje įėjimo į parduotuvę pusėje";2024-03-29T06:03:36.773+02:00
77733;"Vilniaus MAXIMA Pilaitės paštomatas";0;LT;"Vilniaus apskr.";"Vilniaus m. sav.";"Vilniaus m.";;"Pilaitės pr.";;31;;25.188054;54.709252;;;;;;;;;;"Paštomatą rasite lauke prie sienos iš Pilaitės pr. pusės";2024-05-10T14:45:28.360+03:00
99072;"Vilniaus MAXIMA S. Batoro paštomatas";0;LT;"Vilniaus apskr.";"Vilniaus m. sav.";"Vilniaus m.";;"Stepono Batoro g.";;43;;25.410043;54.692505;;;;;;;;;;;2024-03-24T06:03:36.173+02:00
99955;"Vilniaus MAXIMA Santaros paštomatas";0;LT;"Vilniaus apskr.";"Vilniaus m. sav.";"Vilniaus m.";;"Santaros g.";;5;;25.277177;54.757175;;;;;;;;;;;2024-02-23T15:43:05.110+02:00
88822;"Vilniaus MAXIMA Sausio 13-os paštomatas";0;LT;"Vilniaus apskr.";"Vilniaus m. sav.";"Vilniaus m.";;"Sausio 13-osios g.";;2;;25.221203;54.692828;;;;;;;;;;"Paštomatą rasite lauke prie sienos, kairėje įėjimo į parduotuvę pusėje ";2024-02-23T17:05:28.337+02:00
77726;"Vilniaus MAXIMA Savanorių 31 paštomatas";0;LT;"Vilniaus apskr.";"Vilniaus m. sav.";"Vilniaus m.";;"Savanorių pr.";;31;;25.247727;54.673846;;;;;;;;;;"Paštomatą rasite lauke prie sienos, dešinėje įėjimo į parduotuvę pusėje";2024-02-23T12:45:33.550+02:00
77747;"Vilniaus MAXIMA Taikos 162A paštomatas";0;LT;"Vilniaus apskr.";"Vilniaus m. sav.";"Vilniaus m.";;"Taikos g.";;162A;;25.215334;54.712458;;;;;;;;;;"Paštomatą rasite lauke prie sienos, kairėje įėjimo į parduotuvę pusėje";2024-02-23T12:29:54.097+02:00
88813;"Vilniaus MAXIMA Tuskulėnų paštomatas";0;LT;"Vilniaus apskr.";"Vilniaus m. sav.";"Vilniaus m.";;"Tuskulėnų g.";;66;;25.288749;54.702362;;;;;;;;;;"Paštomatą rasite lauke prie sienos, dešinėje įėjimo į parduotuvę pusėje";2024-02-23T17:10:40.017+02:00
99017;"Vilniaus MAXIMA Ukmergės g. 184 paštomatas";0;LT;"Vilniaus apskr.";"Vilniaus m. sav.";"Vilniaus m.";;"Ukmergės g.";;184;;25.248430;54.710596;;;;;;;;;;;2024-02-23T17:13:48.290+02:00
77774;"Vilniaus MAXIMA Ukmergės g. 282 paštomatas";0;LT;"Vilniaus apskr.";"Vilniaus m. sav.";"Vilniaus m.";;"Ukmergės g.";;282;;25.239511;54.727454;;;;;;;;;;"Paštomatą rasite lauke prie sienos, dešinėje įėjimo į parduotuvę pusėje";2024-10-18T09:23:58.207+03:00
88820;"Vilniaus MAXIMA Viršuliškių paštomatas";0;LT;"Vilniaus apskr.";"Vilniaus m. sav.";"Vilniaus m.";;"Viršuliškių g.";;30;;25.222248;54.709389;;;;;;;;;;"Paštomatą rasite lauke, prie įvažiavimo į stovėjimo aikštelę";2024-02-23T12:31:41.360+02:00
88889;"Vilniaus MAXIMA Šaltkalvių paštomatas";0;LT;"Vilniaus apskr.";"Vilniaus m. sav.";"Vilniaus m.";;"Šaltkalvių g.";;2;;25.272317;54.661525;;;;;;;;;;"Paštomatą rasite lauke,  prie pastato sienos šalia taromato";2024-03-24T06:03:36.903+02:00
77785;"Vilniaus MAXIMA Žalgirio paštomatas";0;LT;"Vilniaus apskr.";"Vilniaus m. sav.";"Vilniaus m.";;"Žalgirio g.";;105;;25.282689;54.704300;;;;;;;;;;"Paštomatą rasite lauke prie sienos, kairėje įėjimo į parduotuvę pusėje";2024-10-17T10:00:00.130+03:00
99016;"Vilniaus MAXIMA Žvirkos paštomatas";0;LT;"Vilniaus apskr.";"Vilniaus m. sav.";"Vilniaus m.";;"Pranciškaus Žvirkos g.";;1;;25.261991;54.605500;;;;;;;;;;;2024-03-24T06:03:37.213+02:00
99967;"Vilniaus MOKI-VEŽI Pergalės paštomatas";0;LT;"Vilniaus apskr.";"Vilniaus m. sav.";"Vilniaus m.";;"Pergalės g.";;36;;25.413356;54.682060;;;;;;;;;;;2024-03-29T06:03:36.983+02:00
99952;"Vilniaus MOKI-VEŽI Pilkalnio paštomatas";0;LT;"Vilniaus apskr.";"Vilniaus m. sav.";"Vilniaus m.";;"Pilkalnio g.";;3;;25.164426;54.709554;;;;;;;;;;;2024-03-26T14:36:14.707+02:00
99568;"Vilniaus Manufaktūrų g. 33 paštomatas";0;LT;"Vilniaus apskr.";"Vilniaus m. sav.";"Vilniaus m.";;"Manufaktūrų g.";;33;1C;25.321245;54.676630;;;;;;;;;;;2024-06-11T10:42:57.907+03:00
99970;"Vilniaus Mickūnų AIBĖ paštomatas";0;LT;"Vilniaus apskr.";"Vilniaus r. sav.";"Mickūnų mstl.";;"Vilniaus g.";;17A;;25.520886;54.702559;;;;;;;;;;;2024-03-29T06:03:35.947+02:00
77786;"Vilniaus NORFA Ateities paštomatas";0;LT;"Vilniaus apskr.";"Vilniaus m. sav.";"Vilniaus m.";;"Ateities g.";;10;;25.267757;54.737135;;;;;;;;;;"Paštomatą rasite lauke prie sienos, kairėje įėjimo į parduotuvę pusėje";2024-03-28T09:00:28.380+02:00
77788;"Vilniaus NORFA BAZĖ paštomatas";0;LT;"Vilniaus apskr.";"Vilniaus m. sav.";"Vilniaus m.";;"Savanorių pr.";;176;;25.226200;54.652326;;;;;;;;;;"Paštomatą rasite lauke prie sienos, dešinėje įėjimo į parduotuvę pusėje";2024-02-23T15:22:23.477+02:00
88848;"Vilniaus NORFA Genių paštomatas";0;LT;"Vilniaus apskr.";"Vilniaus m. sav.";"Vilniaus m.";;"Genių g.";;10A;;25.421732;54.688179;;;;;;;;;;"Paštomatą rasite lauke, prie sienos kairėje įėjimo į parduotuvę pusėje";2024-03-24T06:03:37.007+02:00
77752;"Vilniaus NORFA Gvazdikų Sodų paštomatas";0;LT;"Vilniaus apskr.";"Vilniaus m. sav.";"Vilniaus m.";;"Gvazdikų Sodų 1-oji g.";;1;;25.368341;54.756815;;;;;;;;;;"Paštomatą rasite lauke prie sienos, kairėje įėjimo į parduotuvę pusėje";2024-02-23T11:54:59.263+02:00
77761;"Vilniaus NORFA Kavoliuko paštomatas";0;LT;"Vilniaus apskr.";"Vilniaus m. sav.";"Vilniaus m.";;"Algimanto Petro Kavoliuko g.";;6;;25.211137;54.697605;;;;;;;;;;"Paštomatą rasite lauke prie sienos, dešinėje įėjimo į parduotuvę pusėje";2024-02-23T15:48:37.353+02:00
88878;"Vilniaus NORFA Minsko paštomatas";0;LT;"Vilniaus apskr.";"Vilniaus m. sav.";"Vilniaus m.";;"Minsko pl.";;3;;25.305245;54.652141;;;;;;;;;;"Paštomatą rasite lauke prie sienos, kairėje įėjimo į parduotuvę pusėje";2024-03-29T06:03:35.717+02:00
88890;"Vilniaus NORFA Molėtų pl. paštomatas";0;LT;"Vilniaus apskr.";"Vilniaus m. sav.";"Vilniaus m.";;"Molėtų pl.";;47;;25.272245;54.772084;;;;;;;;;;"Paštomatą rasite lauke prie pastato sienos, iš Molėtų pl. pusės";2024-02-23T15:41:25.663+02:00
77734;"Vilniaus NORFA Rygos paštomatas";0;LT;"Vilniaus apskr.";"Vilniaus m. sav.";"Vilniaus m.";;"Rygos g.";;49;;25.212569;54.719025;;;;;;;;;;"Paštomatą rasite lauke prie sienos, iš Rygos g. pusės";2024-03-29T06:03:36.573+02:00
77778;"Vilniaus NORFA Zujūnų g. paštomatas";0;LT;"Vilniaus apskr.";"Vilniaus m. sav.";"Vilniaus m.";;"Zujūnų g.";;1;;25.160513;54.711004;;;;;;;;;;"Paštomatą rasite lauke prie šoninės sienos, dešinėje įėjimo į degalinę pusėje, už kampo";2024-03-26T14:36:15.990+02:00
88879;"Vilniaus NORFA Žvalgų paštomatas";0;LT;"Vilniaus apskr.";"Vilniaus m. sav.";"Vilniaus m.";;"Kalvarijų g.";;151;;25.287830;54.721530;;;;;;;;;;"Paštomatą rasite lauke prie sienos, dešinėje įėjimo į parduotuvę pusėje, už kampo";2024-03-26T14:36:14.577+02:00
77779;"Vilniaus ORLEN Juodojo Kelio paštomatas";0;LT;"Vilniaus apskr.";"Vilniaus m. sav.";"Vilniaus m.";;"Juodasis kel.";;32;;25.342406;54.663020;;;;;;;;;;;2024-03-29T06:03:36.047+02:00
99054;"Vilniaus PAUPIO Aukštaičių g. 7 paštomatas";0;LT;"Vilniaus apskr.";"Vilniaus m. sav.";"Vilniaus m.";;"Aukštaičių g.";;7;;25.300806;54.679008;;;;;;;;;;;2024-07-10T17:14:15.977+03:00
77783;"Vilniaus PC AKROPOLIS paštomatas";0;LT;"Vilniaus apskr.";"Vilniaus m. sav.";"Vilniaus m.";;"Ozo g.";;25;;25.263246;54.711370;;;;;;;;;;"Paštomatą rasite lauke prie sienos, 5 įėjimo į PC dešinėje, netoli parduotuvės Ermitažas";2024-02-23T12:43:38.223+02:00
99043;"Vilniaus PC BANGINIS paštomatas";0;LT;"Vilniaus apskr.";"Vilniaus m. sav.";"Vilniaus m.";;"P. Lukšio g.";;34;;25.301184;54.710229;;;;;;;;;;;2024-02-23T17:11:01.863+02:00
99037;"Vilniaus PC BIG paštomatas";0;LT;"Vilniaus apskr.";"Vilniaus m. sav.";"Vilniaus m.";;"Ukmergės g.";;369;;25.228324;54.740067;;;;;;;;;;;2024-03-22T06:03:45.223+02:00
88811;"Vilniaus PC DOMUS PRO paštomatas";0;LT;"Vilniaus apskr.";"Vilniaus m. sav.";"Vilniaus m.";;"Ukmergės g.";;308;;25.225183;54.740274;;;;;;;;;;;2024-03-22T06:03:45.547+02:00
99558;"Vilniaus PC MADA paštomatas";0;LT;"Vilniaus apskr.";"Vilniaus m. sav.";"Vilniaus m.";;"Viršuliškių g.";;40;;25.227667;54.708067;;;;;;;;;;;2024-11-25T11:28:43.733+02:00
88814;"Vilniaus PC MANDARINAS paštomatas";0;LT;"Vilniaus apskr.";"Vilniaus m. sav.";"Vilniaus m.";;"Ateities g.";;91;;25.245603;54.731229;;;;;;;;;;"Paštomatą rasite lauke prie sienos, kairėje įėjimo į prekybos centrą pusėje";2023-08-16T06:02:26.813+03:00
77787;"Vilniaus PC OZAS paštomatas";0;LT;"Vilniaus apskr.";"Vilniaus m. sav.";"Vilniaus m.";;"Ozo g.";;18;;25.276921;54.714811;;;;;;;;;;"Paštomatą rasite lauke prie sienos, kairėje pagrindinio įėjimo į PC pusėje, netoli parkingo";2024-02-23T12:41:45.667+02:00
99041;"Vilniaus PC PAŠILAIČIAI paštomatas";0;LT;"Vilniaus apskr.";"Vilniaus m. sav.";"Vilniaus m.";;"Pavilnionių g.";;55;;25.211573;54.736147;;;;;;;;;;;2024-02-23T12:17:04.627+02:00
99053;"Vilniaus PLC PANORAMA paštomatas";0;LT;"Vilniaus apskr.";"Vilniaus m. sav.";"Vilniaus m.";;"Saltoniškių g.";;9;;25.258872;54.699498;;;;;;;;;;;2024-02-23T12:34:09.967+02:00
99069;"Vilniaus PPC HELIOS CITY paštomatas";0;LT;"Vilniaus apskr.";"Vilniaus m. sav.";"Vilniaus m.";;"Savanorių pr.";;1;;25.258569;54.679660;;;;;;;;;;;2024-03-26T14:36:15.407+02:00
99015;"Vilniaus PREKYBOS PARKO UNA paštomatas";0;LT;"Vilniaus apskr.";"Vilniaus m. sav.";"Vilniaus m.";;"Dangeručio g.";;1;;25.275368;54.779676;;;;;;;;;;;2024-02-23T15:41:48.537+02:00
77773;"Vilniaus Pagirių MAXIMA paštomatas";0;LT;"Vilniaus apskr.";"Vilniaus r. sav.";"Pagirių k.";;"Durpių g.";;36;;25.201983;54.578411;;;;;;;;;;"Paštomatą rasite lauke prie sienos, kairėje įėjimo į parduotuvę pusėje";2024-03-22T06:03:48.083+02:00
99559;"Vilniaus REZUS Žemaitės paštomatas";0;LT;"Vilniaus apskr.";"Vilniaus m. sav.";"Vilniaus m.";;"Žemaitės g.";;22;;25.257301;54.671757;;;;;;;;;;;2024-11-25T11:28:08.820+02:00
88858;"Vilniaus RIMI Architektų paštomatas";0;LT;"Vilniaus apskr.";"Vilniaus m. sav.";"Vilniaus m.";;"Architektų g.";;19;;25.213588;54.673672;;;;;;;;;;"Paštomatą rasite lauke prie šoninės sienos, dešinėje įėjimo į parduotuvę pusėje, už kampo";2024-02-23T17:08:35.777+02:00
77735;"Vilniaus RIMI Fabijoniškių paštomatas";0;LT;"Vilniaus apskr.";"Vilniaus m. sav.";"Vilniaus m.";;"Ukmergės g.";;233;;25.244926;54.720839;;;;;;;;;;"Paštomatą rasite lauke prie sienos, iš Ukmergės g. pusės";2024-02-23T17:14:38.717+02:00
77736;"Vilniaus RIMI Kareivių paštomatas";0;LT;"Vilniaus apskr.";"Vilniaus m. sav.";"Vilniaus m.";;"Kareivių g.";;11A;;25.299687;54.717590;;;;;;;;;;"Paštomatą rasite lauke prie sienos, kairėje įėjimo į prekybos centrą pusėje, už kampo";2024-01-16T06:03:27.103+02:00
99071;"Vilniaus RIMI Linkmenų paštomatas";0;LT;"Vilniaus apskr.";"Vilniaus m. sav.";"Vilniaus m.";;"Linkmenų g.";;22;;25.267982;54.705046;;;;;;;;;;;2024-10-17T10:01:29.170+03:00
77737;"Vilniaus RIMI Medeinos paštomatas";0;LT;"Vilniaus apskr.";"Vilniaus m. sav.";"Vilniaus m.";;"Medeinos g.";;8;;25.226908;54.729681;;;;;;;;;;"Paštomatą rasite lauke prie sienos, kairėje įėjimo į parduotuvę pusėje";2024-03-21T12:35:33.953+02:00
99965;"Vilniaus RIMI Pavilnionių paštomatas";0;LT;"Vilniaus apskr.";"Vilniaus m. sav.";"Vilniaus m.";;"Pavilnionių g.";;22;;25.217638;54.735404;;;;;;;;;;;2024-03-29T06:03:36.160+02:00
88859;"Vilniaus RIMI Rygos paštomatas";0;LT;"Vilniaus apskr.";"Vilniaus m. sav.";"Vilniaus m.";;"Rygos g.";;8;;25.224671;54.715875;;;;;;;;;;"Paštomatą rasite lauke prie sienos, dešinėje įėjimo į parduotuvę pusėje, už kampo";2023-11-28T16:41:19.257+02:00
88815;"Vilniaus RIMI Savanorių paštomatas";0;LT;"Vilniaus apskr.";"Vilniaus m. sav.";"Vilniaus m.";;"Kedrų g.";;4;;25.257998;54.675640;;;;;;;;;;"Paštomatą rasite lauke prie sienos, kairėje pagrindinio iėjimo į parduotuvę pusėje";2024-06-10T13:58:48.367+03:00
88823;"Vilniaus RIMI Vydūno paštomatas";0;LT;"Vilniaus apskr.";"Vilniaus m. sav.";"Vilniaus m.";;"Vydūno g.";;4;;25.188892;54.707191;;;;;;;;;;"Paštomatą rasite lauke prie sienos, dešinėje įėjimo į parduotuvę pusėje";2024-03-29T06:03:36.267+02:00
77738;"Vilniaus RIMI Zarasų g. paštomatas";0;LT;"Vilniaus apskr.";"Vilniaus m. sav.";"Vilniaus m.";;"Zarasų g.";;5A;;25.311927;54.680978;;;;;;;;;;"Paštomatą rasite lauke prie sienos, kairėje įėjimo į parduotuvę pusėje";2024-03-29T06:03:36.473+02:00
77771;"Vilniaus RIMI Šiaurės g. paštomatas";0;LT;"Vilniaus apskr.";"Vilniaus m. sav.";"Vilniaus m.";;"Šiaurės g.";;37;;25.411762;54.701116;;;;;;;;;;"Paštomatą rasite lauke prie šoninės sienos, kairėje įėjimo į parduotuvę pusėje, už kampo";2024-02-23T15:24:31.263+02:00
88816;"Vilniaus RIMI Žirmūnų paštomatas";0;LT;"Vilniaus apskr.";"Vilniaus m. sav.";"Vilniaus m.";;"Žirmūnų g.";;64;;25.300741;54.712017;;;;;;;;;;"Paštomatą rasite lauke prie sienos, kairėje ""Topo centro"" įėjimo pusėje";2024-02-23T17:13:22.900+02:00
77780;"Vilniaus Riešės MAXIMA Beržų 92 paštomatas";0;LT;"Vilniaus apskr.";"Vilniaus r. sav.";"Riešės k.";;"Beržų g.";;92;;25.251884;54.807471;;;;;;;;;;"Paštomatą rasite lauke prie šoninės sienos, dešinėje įėjimo į parduotuvę pusėje, už kampo";2024-03-22T06:03:47.673+02:00
77789;"Vilniaus SMĖLIO ARENA paštomatas";0;LT;"Vilniaus apskr.";"Vilniaus m. sav.";"Vilniaus m.";;"Justiniškių g.";;12;;25.219334;54.703390;;;;;;;;;;"Paštomatą rasite lauke prie sienos, dešinėje įėjimo į Smėlio Areną pusėje";2024-02-23T11:59:56.787+02:00
99545;"Vilniaus Salininkų LIDL paštomatas";0;LT;"Vilniaus apskr.";"Vilniaus m. sav.";"Vilniaus m.";;"Barčių g.";;1;;25.260576;54.604796;;;;;;;;;;;2024-11-25T11:59:49.967+02:00
77759;"Vilniaus Salininkų NORFA paštomatas";0;LT;"Vilniaus apskr.";"Vilniaus m. sav.";"Vilniaus m.";;"Salininkų g.";;129A;;25.263751;54.605224;;;;;;;;;;"Paštomatą rasite lauke prie sienos, dešinėje įėjimo į parduotuvę pusėje, už kampo";2024-03-24T06:03:35.850+02:00
99963;"Vilniaus Skaidiškių MAXIMA paštomatas";0;LT;"Vilniaus apskr.";"Vilniaus r. sav.";"Skaidiškių k.";;"Rudaminos g.";;29;;25.383197;54.606468;;;;;;;;;;;2024-08-02T10:04:42.797+03:00
99061;"Vilniaus Smetonos g. 5 paštomatas";0;LT;"Vilniaus apskr.";"Vilniaus m. sav.";"Vilniaus m.";;"A. Smetonos g.";;5;;25.275996;54.686478;;;;;;;;;;;2024-02-23T15:37:20.520+02:00
77757;"Vilniaus Tarandės RIMI paštomatas";0;LT;"Vilniaus apskr.";"Vilniaus m. sav.";"Vilniaus m.";;"Vaivadiškių g.";;2;;25.203208;54.748370;;;;;;;;;;"Paštomatą rasite lauke prie sienos, kairėje įėjimo į turgų pusėje";2024-02-23T12:23:34.857+02:00
99589;"Vilniaus Trakų Vokės LIDL paštomatas";0;LT;"Vilniaus apskr.";"Vilniaus m. sav.";"Vilniaus m.";;"J. Tiškevičiaus g.";;17;;25.110739;54.625206;;;;;;;;;;;2024-12-11T10:54:28.507+02:00
99957;"Vilniaus Trakų Vokės MAXIMA paštomatas";0;LT;"Vilniaus apskr.";"Vilniaus m. sav.";"Vilniaus m.";;"J. Tiškevičiaus g.";;22;;25.109981;54.624098;;;;;;;;;;;2024-12-11T10:55:09.820+02:00
77750;"Vilniaus VC 2000 paštomatas";0;LT;"Vilniaus apskr.";"Vilniaus m. sav.";"Vilniaus m.";;"Jogailos g.";;4;;25.278709;54.686245;;;;;;;;;;"Paštomatą rasite VC 2000 pastato viduje, kairėje pusėje. Ieškokite Omniva lipduko ant pastato durų";2024-01-17T06:03:19.610+02:00
77782;"Vilniaus VC EVOLUTION paštomatas";0;LT;"Vilniaus apskr.";"Vilniaus m. sav.";"Vilniaus m.";;"Ukmergės g.";;223;;25.248924;54.715259;;;;;;;;;;"Paštomatą rasite lauke prie sienos, kairėje įėjimo į VC pusėje, už kampo";2024-10-17T09:54:18.993+03:00
77743;"Vilniaus VC ŽALGIRIO 135 paštomatas";0;LT;"Vilniaus apskr.";"Vilniaus m. sav.";"Vilniaus m.";;"Žalgirio g.";;135;;25.272422;54.704980;;;;;;;;;;"Paštomatą rasite lauke prie sienos, prie įvažiavimo į vidinį kiemą iš Žalgirio g. pusės";2024-10-17T10:02:12.450+03:00
88818;"Vilniaus VIADA Saltoniškių paštomatas";0;LT;"Vilniaus apskr.";"Vilniaus m. sav.";"Vilniaus m.";;"Saltoniškių g.";;12;;25.259948;54.699262;;;;;;;;;;"Paštomatą rasite lauke prie sienos, dešinėje degalinės įėjimo pusėje";2024-02-23T12:34:57.510+02:00
88826;"Vilniaus VIADA Saulėtekio paštomatas";0;LT;"Vilniaus apskr.";"Vilniaus m. sav.";"Vilniaus m.";;"Nemenčinės pl.";;5;;25.326769;54.726292;;;;;;;;;;"Paštomatą rasite lauke prie sienos, galinėje degalinės pusėje";2024-02-23T11:55:35.270+02:00
77790;"Vilniaus Zujūnų RIMI paštomatas";0;LT;"Vilniaus apskr.";"Vilniaus r. sav.";"Antežerių k.";;"Žirgų g.";;24;;25.184088;54.731917;;;;;;;;;;"Paštomatą rasite lauke prie sienos, kairėje įėjimo į parduotuvę pusėje";2024-03-29T06:03:35.840+02:00
96149;"Vinni Spordikompleksi pakiautomaat";0;EE;"Lääne-Viru maakond";"Vinni vald";"Vinni alevik";;"Sõpruse tn";;16;;26.426515;59.289920;;;;;;;;;;;2025-01-08T10:56:16.973+02:00
96264;"Virtsu pakiautomaat";0;EE;"Pärnu maakond";"Lääneranna vald";"Virtsu alevik";;"Tallinna mnt";;13;;23.515292;58.572253;;;;;;;;;;;2025-01-08T12:11:19.077+02:00
96329;"Viru-Nigula pakiautomaat";0;EE;"Lääne-Viru maakond";"Viru-Nigula vald";"Viru-Nigula alevik";;"Kirikaia tn";;2;;26.689319;59.447138;;;;;;;;;;;2025-01-09T15:21:55.253+02:00
99591;"Visagino LIDL paštomatas";0;LT;"Utenos apskr.";"Visagino sav.";"Visagino m.";;"Veteranų g.";;9;;26.434387;55.598665;;;;;;;;;;;2025-02-10T13:27:49.827+02:00
99020;"Visagino NORFA Draugystės paštomatas";0;LT;"Utenos apskr.";"Visagino sav.";"Visagino m.";;"Draugystės g.";;9;;26.445136;55.594398;;;;;;;;;;;2024-09-09T13:49:38.807+03:00
55582;"Visagino NORFA Taikos paštomatas";0;LT;"Utenos apskr.";"Visagino sav.";"Visagino m.";;"Taikos pr.";;10;;26.431304;55.603540;;;;;;;;;;"Paštomatą rasite lauke prie sienos, kairėje įėjimo į parduotuvę pusėje";2024-04-05T12:14:27.290+03:00
88840;"Visagino VIADA paštomatas";0;LT;"Utenos apskr.";"Visagino sav.";"Visagino m.";;"Statybininkų g.";;1;;26.438763;55.594513;;;;;;;;;;"Paštomatą rasite lauke prie sienos, dešinėje įėjimo į degalinę pusėje, už kampo";2024-04-05T12:15:28.817+03:00
9157;"Viļakas Balvu ielas pakomāts";0;LV;"Balvu novads";Viļaka;;;"Balvu iela";;5;;27.671230;57.184163;;;;;;;;;"Pa labi no T/C Centrālās ieejas";;2024-06-21T10:50:33.217+03:00
9118;"Viļānu Brīvības ielas pakomāts";0;LV;"Rēzeknes novads";Viļāni;;;"Brīvības iela";;13;;26.924003;56.548051;;;;;;;;;"Pa labi no ieejas";;2024-06-21T09:15:39.303+03:00
91999;"Vormsi pakiväljastus";0;EE;"Lääne maakond";"Vormsi vald";"Hullo küla";;;Poe;;;23.243318;58.992369;;;;;;;;;;;2024-03-20T09:00:57.693+02:00
96107;"Väike-Maarja Grossi pakiautomaat";0;EE;"Lääne-Viru maakond";"Väike-Maarja vald";"Väike-Maarja alevik";;"Pikk tn";;9;;26.252251;59.129914;;;;;;;;;;;2025-01-17T13:30:17.350+02:00
46295;"Väike-Maarja postipunkt";1;EE;"Lääne-Viru maakond";"Väike-Maarja vald";"Väike-Maarja alevik";;"Lõuna tn";;10;;26.254916;59.126062;"T 11:00-17:00 K,R 11:00-14:00 E,N,L,P SULETUD;Ligipääs ratastooliga";;;;;;;;;;2025-01-24T12:23:01.673+02:00
96348;"Vändra Coop Konsumi pakiautomaat";0;EE;"Pärnu maakond";"Põhja-Pärnumaa vald";"Vändra alev";;"Pärnu-Paide mnt";;21;;25.038198;58.654165;;;;;;;;;;;2025-01-09T15:27:55.507+02:00
96168;"Vändra Koidula Coop Konsumi pakiautomaat";0;EE;"Pärnu maakond";"Põhja-Pärnumaa vald";"Vändra alev";;"Vana tn";;60;;25.040318;58.651870;;;;;;;;;;;2025-01-08T11:33:53.200+02:00
87794;"Vändra postipunkt";1;EE;"Pärnu maakond";"Põhja-Pärnumaa vald";"Vändra alev";;"Pärnu-Paide mnt";;4;;25.032231;58.653107;"E,K,R 09:00-13:00 T,N 14:00-18:00 L,P SULETUD";;;;;;;;;;2025-03-14T12:54:55.717+02:00
96350;"Värska pakiautomaat";0;EE;"Võru maakond";"Setomaa vald";"Värska alevik";;"Pikk tn";;12;;27.633564;57.957870;;;;;;;;;;;2025-01-09T15:28:37.143+02:00
64094;"Värska postipunkt";1;EE;"Võru maakond";"Setomaa vald";"Värska alevik";;"Pikk tn";;12;;27.633784;57.957979;"E,T,K,N,R 08:30-12:00, 12:30-16:30 L,P SULETUD;Ligipääs ratastooliga";;;;;;;;;;2025-02-18T10:54:03.040+02:00
96377;"Vääna pakiautomaat";0;EE;"Harju maakond";"Harku vald";"Vääna küla";;"Viljapuuaia tee";;1;;24.413534;59.391493;;;;;;;;;;;2025-01-15T12:37:53.313+02:00
96325;"Vääna-Jõesuu kauplus Maksis pakiautomaat";0;EE;"Harju maakond";"Harku vald";"Vääna-Jõesuu küla";;;"11390 Tallinn-Rannamõisa-Kloogaranna maantee";;;24.367251;59.432923;;;;;;;;;;;2025-01-15T12:31:34.573+02:00
96297;"Väätsa pakiautomaat";0;EE;"Järva maakond";"Türi vald";"Väätsa alevik";;"Pikk tn";;3;;25.451935;58.890171;;;;;;;;;;;2025-01-08T11:22:23.617+02:00
96246;"Võhma Bussijaama pakiautomaat";0;EE;"Viljandi maakond";"Põhja-Sakala vald";"Võhma linn";;"Tallinna tn";;17;;25.557505;58.630963;;;;;;;;;;;2025-01-08T12:05:33.083+02:00
70695;"Võhma postipunkt";1;EE;"Viljandi maakond";"Põhja-Sakala vald";"Võhma linn";;"Kauba tn";;3a;;25.559617;58.627376;"E,T,K,N,R 10:00-17:00 L 10:00-16:00 P SULETUD;Ligipääs ratastooliga";;;;;;;;;;2025-02-19T15:29:39.280+02:00
96349;"Võnnu kultuurimaja pakiautomaat";0;EE;"Tartu maakond";"Kastre vald";"Võnnu alevik";;"Tartu tn";;24;;27.047651;58.283765;;;;;;;;;;;2025-01-09T15:28:17.810+02:00
96035;"Võru Coop Maksimarketi pakiautomaat";0;EE;"Võru maakond";"Võru linn";;;"Jüri tn";;83;;27.010698;57.835449;;;;;;;;;;;2025-01-17T11:20:45.677+02:00
96064;"Võru Maxima XX pakiautomaat";0;EE;"Võru maakond";"Võru linn";;;"Kooli tn";;2;;27.004566;57.847977;;;;;;;;;;;2025-01-17T13:15:36.360+02:00
96314;"Võru kesklinna Circle K pakiautomaat";0;EE;"Võru maakond";"Võru linn";;;"Jüri tn";;45;;27.006980;57.842166;;;;;;;;;;;2025-01-08T16:23:37.303+02:00
65601;"Võru postkontor";1;EE;"Võru maakond";"Võru linn";;;"Kooli tn";;6;;27.008646;57.845881;"E,T,K,N,R 10:00-18:00 L,P SULETUD;Ligipääs ratastooliga";;;;;;;;;;2025-03-17T09:19:46.430+02:00
96298;"Võsu pakiautomaat";0;EE;"Lääne-Viru maakond";"Haljala vald";"Võsu alevik";;"Mere tn";;63;;25.960492;59.576111;;;;;;;;;;;2025-01-08T11:22:50.847+02:00
88845;"Zarasų IKI Vytauto paštomatas";0;LT;"Utenos apskr.";"Zarasų r. sav.";"Zarasų m.";;"Vytauto g.";;54;;26.264804;55.736347;;;;;;;;;;"Paštomatą rasite lauke prie sienos, kairėje įėjimo į parduotuvę pusėje";2023-12-28T09:50:21.040+02:00
9276;"Zaķumuižas pakomāts";0;LV;"Ropažu novads";"Ropažu pagasts";Zaķumuiža;;"Vidzemes prospekts";;11A;;24.481423;56.969591;;;;;;;;;"Pa labi no ieejas
";;2024-06-25T10:28:31.557+03:00
9593;"Zaļenieku TOP pakomāts";0;LV;"Jelgavas novads";"Zaļenieku pagasts";Zaļenieki;;"Centra iela";;7;;23.510651;56.526380;;;;;;;;;"Pa kreisi no ieejas
";;2024-02-13T09:49:19.447+02:00
9168;"Zilupes TOP pakomāts";0;LV;"Ludzas novads";Zilupe;;;"Brīvības iela";;34;;28.121356;56.388578;;;;;;;;;"Pie ieejas veikalā";;2024-06-21T11:22:58.193+03:00
9248;"Zvejniekciema Mego pakomāts";0;LV;"Saulkrastu novads";"Saulkrastu pagasts";Zvejniekciems;;"Bērzu aleja";;5;;24.414224;57.315206;;;;;;;;;"Pa kreisi no ieejas
";;2024-06-25T09:34:25.493+03:00
67194;"Õru postipunkt (Epre kauplus)";1;EE;"Valga maakond";"Valga vald";"Õruste küla";;;;;;26.179380;57.922601;"E,T,K,N,R 09:00-13:00 L,P SULETUD";;;;;;;;;;2024-12-19T09:39:43.107+02:00
96177;"Ülenurme Coop Konsumi pakiautomaat";0;EE;"Tartu maakond";"Kambja vald";"Ülenurme alevik";;"Võru mnt";;2;;26.721831;58.315165;;;;;;;;;;;2025-01-30T15:06:04.697+02:00
9952;"Ādažu Gaujas ielas Mini RIMI pakomāts";0;LV;"Ādažu novads";"Ādažu pagasts";Ādaži;;"Gaujas iela";;6;;24.322649;57.076394;;;;;;;;;"Pa labi no T/C ieejas";;2024-06-26T14:50:43.603+03:00
9524;"Ādažu Rīgas gatves ELVI pakomāts";0;LV;"Ādažu novads";Ādaži;;;"Rīgas gatve";;51;;24.317280;57.080383;;;;;;;;;"Pa kreisi no ieejas
";;2024-03-26T08:48:55.070+02:00
9105;"Ādažu T/C Apelsīns pakomāts";0;LV;"Ādažu novads";"Ādažu pagasts";Ādaži;;"Rīgas gatve";;5;;24.320535;57.071482;;;;;;;;;"Pa labi no T/C ieejas";;2024-06-21T11:58:23.907+03:00
9153;"Ērgļu Zaļās ielas TOP pakomāts";0;LV;"Madonas novads";"Ērgļu pagasts";Ērgļi;;"Zaļā iela";;1;;25.644423;56.898305;;;;;;;;;"Blakus ieejai";;2024-06-21T10:45:14.567+03:00
9165;"Ķeguma ELVI pakomāts";0;LV;"Ogres novads";Ķegums;;;"Ķeguma prospekts";;5C;;24.718084;56.743749;;;;;;;;;"Pa kreisi no ieejas";;2023-09-29T15:20:25.733+03:00
9509;"Ķekavas Rīgas ielas RIMI pakomāts";0;LV;"Ķekavas nov.";"Ķekavas pag.";Ķekava;;"Rīgas iela";;22;;24.230824;56.832540;;;;;;;;;"Pa kreisi no centrālās ieejas
";;2024-06-25T14:45:29.660+03:00
9245;"Ķekavas T/C Dālderi pakomāts";0;LV;"Ķekavas nov.";"Ķekavas pag.";Ķekava;;"Nākotnes iela";;1;;24.238709;56.827763;;;;;;;;;"Pa labi no centrālās ieejas
";;2024-06-25T09:32:50.293+03:00
9978;"Ķekavas T/C Liiba pakomāts";0;LV;"Ķekavas nov.";"Ķekavas pag.";Ķekava;;"Rīgas iela";;22A;;24.232229;56.831791;;;;;;;;;"Pa labi no T/C Centrālās ieejas";;2024-06-26T16:12:55.747+03:00
88833;"ŠILUTĖS PREKYBA Lietuvininkų 37 paštomatas";0;LT;"Klaipėdos apskr.";"Šilutės r. sav.";"Šilutės m.";;"Lietuvininkų g.";;37;;21.471326;55.343228;;;;;;;;;;"Paštomatą rasite lauke prie sienos, kairėje įėjimo į prekybos centrą pusėje";2023-11-25T18:53:46.103+02:00
88824;"Šakių NORFA Šaulių paštomatas";0;LT;"Marijampolės apskr.";"Šakių r. sav.";"Šakių m.";;"Šaulių g.";;49;;23.031196;54.960777;;;;;;;;;;"Paštomatą rasite lauke prie sienos, kairėje įėjimo į parduotuvę pusėje";2023-12-07T06:03:20.987+02:00
99928;"Šakių RŪTA V. Kudirkos paštomatas";0;LT;"Marijampolės apskr.";"Šakių r. sav.";"Šakių m.";;"V. Kudirkos g.";;112;;23.048731;54.953424;;;;;;;;;;;2024-01-02T08:42:33.873+02:00
99530;"Šalčininkų MAXIMA Vilniaus g. paštomatas";0;LT;"Vilniaus apskr.";"Šalčininkų r. sav.";"Šalčininkų m.";;"Vilniaus g.";;52;;25.384978;54.307734;;;;;;;;;;;2024-11-25T13:03:39.120+02:00
77719;"Šalčininkų NORFA paštomatas";0;LT;"Vilniaus apskr.";"Šalčininkų r. sav.";"Šalčininkų m.";;"Vilniaus g.";;2B;;25.383699;54.317755;;;;;;;;;;"Paštomatą rasite lauke prie sienos, kairėje įėjimo į parduotuvę pusėje";2024-03-22T06:03:48.190+02:00
77720;"Šeduvos NORFA paštomatas";0;LT;"Šiaulių apskr.";"Radviliškio r. sav.";"Šeduvos m.";;"Panevėžio g.";;33;;23.762329;55.756257;;;;;;;;;;"Paštomatą rasite lauke prie šoninės sienos, dešinėje įėjimo į parduotuvę pusėje, už kampo";2022-12-02T13:58:02.093+02:00
55588;"Šiaulių ELIMART Gegužių paštomatas";0;LT;"Šiaulių apskr.";"Šiaulių m. sav.";"Šiaulių m.";;"Gegužių g.";;11;;23.268468;55.901246;;;;;;;;;;"Paštomatą rasite lauke prie šoninės sienos, kairėje įėjimo į parduotuvę pusėje, už kampo";2024-09-09T17:39:21.407+03:00
55594;"Šiaulių Ginkūnų MAXIMA paštomatas";0;LT;"Šiaulių apskr.";"Šiaulių r. sav.";"Ginkūnų k.";;"Rasos g.";;1A;;23.356550;55.953647;;;;;;;;;;"Paštomatą rasite lauke prie šoninės sienos, kairėje įėjimo į parduotuvę pusėje, už kampo";2024-04-04T11:53:23.833+03:00
55590;"Šiaulių IKI Gardino paštomatas";0;LT;"Šiaulių apskr.";"Šiaulių m. sav.";"Šiaulių m.";;"Gardino g.";;2;;23.273090;55.913581;;;;;;;;;;"Paštomatą rasite lauke prie šoninės sienos, dešinėje įėjimo į parduotuvę pusėje, už kampo, šalia laiptų";2023-12-29T14:20:04.303+02:00
55589;"Šiaulių IKI Lyros paštomatas";0;LT;"Šiaulių apskr.";"Šiaulių m. sav.";"Šiaulių m.";;"Lyros g.";;19A;;23.262413;55.914849;;;;;;;;;;"Paštomatą rasite lauke prie sienos, kairėje įėjimo į parduotuvę pusėje";2023-12-29T14:19:45.997+02:00
55593;"Šiaulių IKI Vilniaus 15E paštomatas";0;LT;"Šiaulių apskr.";"Šiaulių m. sav.";"Šiaulių m.";;"Vilniaus g.";;15E;;23.348021;55.923165;;;;;;;;;;"Paštomatą rasite lauke prie sienos, kairėje įėjimo į parduotuvę pusėje";2023-12-29T14:20:57.380+02:00
99573;"Šiaulių KUBAS Basanavičiaus paštomatas";0;LT;"Šiaulių apskr.";"Šiaulių m. sav.";"Šiaulių m.";;"J. Basanavičiaus g.";;112;;23.315055;55.952576;;;;;;;;;;;2024-11-20T12:59:39.483+02:00
55592;"Šiaulių KUBAS Vytauto paštomatas";0;LT;"Šiaulių apskr.";"Šiaulių m. sav.";"Šiaulių m.";;"Vytauto g.";;122;;23.304701;55.932324;;;;;;;;;;"Paštomatą rasite lauke prie sienos, kairėje įėjimo į parduotuvę pusėje";2024-11-20T13:00:41.490+02:00
99603;"Šiaulių LIDL Tilžės g. 217 paštomatas";0;LT;"Šiaulių apskr.";"Šiaulių m. sav.";"Šiaulių m.";;"Tilžės g.";;217;;23.325006;55.940180;;;;;;;;;;;2024-11-28T16:30:05.877+02:00
99606;"Šiaulių LIDL Tilžės g. 3 paštomatas";0;LT;"Šiaulių apskr.";"Šiaulių m. sav.";"Šiaulių m.";;"Tilžės g.";;3;;23.262726;55.908102;;;;;;;;;;;2024-11-28T16:30:31.850+02:00
99010;"Šiaulių MAXIMA Aido paštomatas";0;LT;"Šiaulių apskr.";"Šiaulių m. sav.";"Šiaulių m.";;"Aido g.";;18A;;23.270285;55.912621;;;;;;;;;;;2022-12-02T15:29:53.613+02:00
99950;"Šiaulių MAXIMA Rūdės paštomatas";0;LT;"Šiaulių apskr.";"Šiaulių m. sav.";"Šiaulių m.";;"Rūdės g.";;14;;23.318417;55.927989;;;;;;;;;;;2024-01-02T09:03:24.347+02:00
88844;"Šiaulių MOKI-VEŽI paštomatas";0;LT;"Šiaulių apskr.";"Šiaulių m. sav.";"Šiaulių m.";;"Pramonės g.";;7;;23.301418;55.917301;;;;;;;;;;"Paštomatą rasite lauke prie stiklinės vitrinos,  kairėje įėjimo į parduotuvę pusėje";2024-11-20T13:02:00.180+02:00
99033;"Šiaulių NORFA Architektų paštomatas";0;LT;"Šiaulių apskr.";"Šiaulių r. sav.";"Dainų k.";;"Vilties g.";;1;;23.255441;55.919369;;;;;;;;;;;2023-11-29T06:03:24.587+02:00
55591;"Šiaulių NORFA Gumbinės paštomatas";0;LT;"Šiaulių apskr.";"Šiaulių m. sav.";"Šiaulių m.";;"Gumbinės g.";;145A;;23.282849;55.941648;;;;;;;;;;"Paštomatą rasite lauke prie sienos, kairėje įėjimo į parduotuvę pusėje";2023-12-29T14:20:21.123+02:00
77721;"Šiaulių NORFA Tilžės 13A paštomatas";0;LT;"Šiaulių apskr.";"Šiaulių m. sav.";"Šiaulių m.";;"Tilžės g.";;13A;;23.268283;55.911591;;;;;;;;;;"Paštomatą rasite lauke prie sienos, iš parkavimo aikštelės pusės";2024-11-20T13:02:38.330+02:00
99613;"Šiaulių NORFA Tilžės g. 59 paštomatas";0;LT;"Šiaulių apskr.";"Šiaulių m. sav.";"Šiaulių m.";;"Tilžės g.";;59;;23.282553;55.917014;;;;;;;;;;;2024-12-02T07:18:51.840+02:00
88880;"Šiaulių NORFA Valančiaus paštomatas";0;LT;"Šiaulių apskr.";"Šiaulių m. sav.";"Šiaulių m.";;"M. Valančiaus g.";;18;;23.305211;55.938639;;;;;;;;;;"Paštomatą rasite lauke prie sienos, dešinėje įėjimo į prekybos centrą pusėje";2020-12-27T09:42:10.833+02:00
99074;"Šiaulių PC AKROPOLIS paštomatas";0;LT;"Šiaulių apskr.";"Šiaulių m. sav.";"Šiaulių m.";;"Aido g.";;8;;23.260031;55.907664;;;;;;;;;;;2024-07-10T17:14:30.443+03:00
88842;"Šiaulių PC ARENA paštomatas";0;LT;"Šiaulių apskr.";"Šiaulių m. sav.";"Šiaulių m.";;"Gegužių g.";;30;;23.258636;55.906536;;;;;;;;;;;2024-01-04T00:00:01.730+02:00
77741;"Šiaulių PC SAULĖS MIESTAS paštomatas";0;LT;"Šiaulių apskr.";"Šiaulių m. sav.";"Šiaulių m.";;"Tilžės g.";;109;;23.307622;55.928760;;;;;;;;;;"Paštomatą rasite lauke prie sienos, iš Autobusų stoties perono pusės";2023-12-28T09:37:36.253+02:00
88843;"Šiaulių PLC Tilžė paštomatas";0;LT;"Šiaulių apskr.";"Šiaulių m. sav.";"Šiaulių m.";;"Tilžės g.";;225;;23.327587;55.941748;;;;;;;;;;"Paštomatą rasite lauke prie sienos, kairėje įėjimo į degalinę pusėje";2023-05-26T00:00:00.813+03:00
99958;"Šiaulių RIMI Piktmiškio paštomatas";0;LT;"Šiaulių apskr.";"Šiaulių m. sav.";"Šiaulių m.";;"Piktmiškio g.";;75;;23.351626;55.895999;;;;;;;;;;;2024-04-04T11:51:30.933+03:00
99587;"Šiaulių RIMI Statybininkų paštomatas";0;LT;"Šiaulių apskr.";"Šiaulių m. sav.";"Šiaulių m.";;"Statybininkų g.";;23E;;23.286608;55.904389;;;;;;;;;;;2024-12-02T10:36:03.710+02:00
55511;"Šiaulių VC YOUR SANDBOX paštomatas";0;LT;"Šiaulių apskr.";"Šiaulių m. sav.";"Šiaulių m.";;"Tilžės g.";;157;;23.315796;55.932059;;;;;;;;;;"Paštomatą rasite lauke prie sienos, kairėje įėjimo į verslo centrą pusėje";2024-11-20T13:01:14.643+02:00
55595;"Šiaulių VIADA Basanavičiaus paštomatas";0;LT;"Šiaulių apskr.";"Šiaulių m. sav.";"Šiaulių m.";;"J. Basanavičiaus g.";;122A;;23.315962;55.954719;;;;;;;;;;"Paštomatą rasite lauke prie šoninės sienos, kairėje įėjimo į degalinę pusėje, už kampo";2024-11-20T12:59:00.897+02:00
55567;"Šilalės MAXIMA paštomatas";0;LT;"Tauragės apskr.";"Šilalės r. sav.";"Šilalės m.";;"Dariaus ir Girėno g.";;12;;22.179654;55.490680;;;;;;;;;;"Paštomatą rasite lauke prie sienos, dešinėje įėjimo į parduotuvę pusėje";2023-12-29T09:13:38.547+02:00
88825;"Šilalės NORFA paštomatas";0;LT;"Tauragės apskr.";"Šilalės r. sav.";"Šilalės m.";;"Tauragės g.";;1;;22.194947;55.487667;;;;;;;;;;"Paštomatą rasite lauke prie šoninės sienos, kairėje įėjimo į parduotuvę pusėje, už kampo";2022-12-06T15:43:24.310+02:00
99051;"Šilalės SENUKAI Nepriklausomybės paštomatas";0;LT;"Tauragės apskr.";"Šilalės r. sav.";"Šilalės m.";;"Nepriklausomybės g.";;13A;;22.189048;55.491391;;;;;;;;;;;2022-12-06T16:01:46.847+02:00
99006;"Šilutės BIKUVA paštomatas";0;LT;"Klaipėdos apskr.";"Šilutės r. sav.";"Šilutės m.";;"Gluosnių g.";;4;;21.469902;55.348872;;;;;;;;;;;2022-12-06T15:59:10.800+02:00
99605;"Šilutės LIDL paštomatas";0;LT;"Klaipėdos apskr.";"Šilutės r. sav.";"Šilutės m.";;"Tilžės g.";;22;;21.483980;55.344013;;;;;;;;;;;2024-11-29T04:00:10.777+02:00
77746;"Šilutės MAXIMA Miško paštomatas";0;LT;"Klaipėdos apskr.";"Šilutės r. sav.";"Šilutės m.";;"Miško g.";;7;;21.479475;55.350704;;;;;;;;;;"Paštomatą rasite lauke prie šoninės sienos, dešinėje įėjimo į parduotuvę pusėje, už kampo";2023-12-28T09:39:49.607+02:00
77722;"Širvintų MAXIMA paštomatas";0;LT;"Vilniaus apskr.";"Širvintų r. sav.";"Širvintų m.";;"I. Šeiniaus g.";;19;;24.954113;55.038301;;;;;;;;;;"Paštomatą rasite lauke prie sienos, kairėje įėjimo į parduotuvę pusėje";2024-03-22T06:03:44.993+02:00
55503;"Širvintų VIADA paštomatas";0;LT;"Vilniaus apskr.";"Širvintų r. sav.";"Širvintų m.";;"Plento g.";;4;;24.942564;55.045696;;;;;;;;;;"Paštomatą rasite lauke prie sienos, dešinėje įėjimo į degalinę pusėje";2024-02-23T11:49:05.067+02:00
99009;"Šventosios MAXIMA paštomatas";0;LT;"Klaipėdos apskr.";"Palangos m. sav.";"Palangos m.";;"Mokyklos g.";;1;;21.085790;56.029373;;;;;;;;;;;2023-06-10T06:03:00.690+03:00
77723;"Švenčionių MAXIMA paštomatas";0;LT;"Vilniaus apskr.";"Švenčionių r. sav.";"Švenčionių m.";;"Vilniaus g.";;37;;26.151101;55.129953;;;;;;;;;;;2024-07-10T17:14:42.850+03:00
55504;"Švenčionėlių NORFA paštomatas";0;LT;"Vilniaus apskr.";"Švenčionių r. sav.";"Švenčionėlių m.";;"Žemutinė g.";;26;;26.003876;55.169391;;;;;;;;;;"Paštomatą rasite lauke prie sienos, dešinėje įėjimo į parduotuvę pusėje";2023-12-29T14:35:01.547+02:00
55568;"Švėkšnos AIBĖ Bažnyčios 7 paštomatas";0;LT;"Klaipėdos apskr.";"Šilutės r. sav.";"Švėkšnos mstl.";;"Bažnyčios g.";;7;;21.620041;55.516879;;;;;;;;;;"Paštomatą rasite lauke prie sienos, dešinėje įėjimo į parduotuvę pusėje";2023-12-29T09:13:55.367+02:00
99518;"Žagarės NORFA paštomatas";0;LT;"Šiaulių apskr.";"Joniškio r. sav.";"Žagarės m.";;"Vilniaus g.";;2;;23.254961;56.360263;;;;;;;;;;;2025-02-19T08:42:05.867+02:00
55551;"Žiežmarių MAXIMA paštomatas";0;LT;"Kauno apskr.";"Kaišiadorių r. sav.";"Žiežmarių m.";;"Žaslių g.";;78;;24.451277;54.811513;;;;;;;;;;"Paštomatą rasite lauke prie sienos, dešinėje įėjimo į parduotuvę pusėje, šalia taromato";2024-04-03T06:03:23.843+03:00
